root_tweet_id,thread_size,conversation,intent,annotation_notes
1240036,2,"CUSTOMER: Well… that’s one way to deliver a Pyrex measuring cup… #shattered @115821 @118706 https://t.co/82CziNeRrH

AMAZON: @410862 Oh no, Mason! I'm terribly sorry for the poor delivery experience! Who was the carrier assigned to this shipment? ^SA",Delivery Issue,
970861,2,"CUSTOMER: Amazonで注文した商品がお届け予定日過ぎてるのに届かないどころかまだ発送もされてない臭いんだが…(´･ω･｀)

AMAZON: @350359 ご心配をおかけしております。お届け予定日を過ぎている場合、こちらからカスタマーサービスにご連絡ください。https://t.co/J6YEizo6qC 出品者発送の商品の場合、出品者に直接ご連絡ください。https://t.co/bpqWb4Zbe4 MH",Delivery Issue,
1219364,4,"AMAZON: @406090 Oh no! I'm sorry for the poor delivery experiences. Are you noticing this trend with a specific carrier or many? ^TG

CUSTOMER: @AmazonHelp Not a specific carrier. I've several orders run past the guaranteed delivery date via prime. Not a big deal but come on. Give a heads up

AMAZON: @406090 We certainly understand! Please reach out to us here: https://t.co/hApLpMlfHN so we can take a further look into this. ^HC

CUSTOMER: What's the point of having @115821 prime if your orders consistently don't show up when they say it will",Prime Membership,
1559860,2,"CUSTOMER: @AmazonHelp ... can you please advise on who else can return this? Thankyou, Elizabeth

AMAZON: @446153 With Twitter, we cannot access your account info. Please, explore options via phone/chat here: https://t.co/JzP7hlRCV9 ^JE",Return / Refund,
1554926,4,"CUSTOMER: @120533 samedi 4 novembre toujours pas de Call of duty world war 2 alors que je l’ai précommandé ! Le but était de le recevoir le Jour J

AMAZON: @480886 Bonjour, désolée d'apprendre cela :/ avez-vous reçu l'e-mail d'expédition de commande ? ^SN

CUSTOMER: @AmazonHelp Ouais je l’ai reçu jeudi et c’est écrit livraison samedi donc aujourd’hui la poste vien de passer et toujours rien

AMAZON: @480886 Je vous invite à patienter SVP. Merci pour votre compréhension.",Delivery Issue,
303520,2,"CUSTOMER: @115821 yo why do my book orders keep getting sent with no kind of padding or protection in the boxes

AMAZON: @188457 Thanks for reaching out. Have they been arriving damaged? ^GL",Damaged / Wrong / Missing Item,
2769708,2,"CUSTOMER: @115850 Do I am you regarding delivery feedback ?

AMAZON: @774343 You can provide your feedback regarding the delivery here: https://t.co/BOC2qI06T6. You can also reach out to support team for further assistance. ^GD",Delivery Issue,
576009,4,"CUSTOMER: Toll, dass man keine Hilfe bekommt, wenn man sich als Prime Kunde an das @AmazonHelp Team wendet! Aber den Prime Service schön bezahlt nehmen - dank Prime stand ich gestern ohne Geschenk da - immer noch enttäuscht :-(

AMAZON: @255533 Wir hatten dich gestern Abend noch per DM gefragt: ""Was sagt denn die Sendungsverfolgung auf der Webseite des Transportpartners?"". Haben leider keine Antwort mehr von dir bekommen :( Liebe Grüße ^MF

CUSTOMER: @AmazonHelp Ich habe was geschickt - leider kam der letzte Tweet von mir

AMAZON: @255533 Also wir haben in unserem System leider keine Antwort mehr von dir gefunden :( Aber gut, jetzt ist das Kind ja eh schon in den Brunnen gefallen 😥 Melde dich bitte mal hier: https://t.co/dDmBEPionb Die Kollegen prüfen dann, was wir hier für dich tun können. ^MS",Prime Membership,
253398,4,"CUSTOMER: Funny, because I've been home and awake, @115821, and nobody tried to deliver anything. Congrats on stalling an already late delivery. https://t.co/t7wIYqQgck

AMAZON: @176239 I'm sorry we weren't able to deliver you item, Nathan. Who's the carrier listed for this order here: https://t.co/Y5jpI9ys9c ^LB

CUSTOMER: @AmazonHelp ""Lasership"".

AMAZON: @176239 Have you had a chance to reach out to Lasership directly about the order: https://t.co/YhVJose0aP? ^VS",Delivery Issue,
2612260,10,"CUSTOMER: @AmazonHelp Hi I ordered a book in august as a preorder but it was delivered whilst I was away according to my account. I seem to have no way of letting you know it wasn't! What can you do?

AMAZON: @738609 Hello John. Does the tracking show as delivered? Have you checked with neighbors and your safe place? ^CN

CUSTOMER: @AmazonHelp Hi the tracking says as left in letterbox. My neighbour not seen anything either and she is my designated person to collect parcels when I am out.

AMAZON: @738609 Hey John, how long has it been since the order was marked as delivered? ^MA

CUSTOMER: @AmazonHelp Hi 3rd October

AMAZON: @738609 Could you reach out to us directly via the following link so that we can investigate this for you?: https://t.co/JzP7hlA23B ^KI

CUSTOMER: @AmazonHelp I spoke to these people and the didn't help and cut off the call without any notice! https://t.co/AIDzYMlBmC

AMAZON: @738609 Was the order fulfilled by Amazon or a 3rd Party Seller? ^JJ

CUSTOMER: @AmazonHelp Amazon.

AMAZON: @738609 Can you please request a callback here: https://t.co/FvX58ysiNO ^CN",Damaged / Wrong / Missing Item,
379131,6,"CUSTOMER: @115830 I’ve had a totally unsatisfactory experience with customer service this weekend. Can someone from a UK office call me. I’ll dm

AMAZON: @205968 Sorry to hear that, you are welcome to DM us. Please don't share sensitive account info. ^JJ https://t.co/1XyLaGkcaN

CUSTOMER: @AmazonHelp I’ve messaged in the help twitter account. I have serious concerns of fraud and was fobbed off. I would like someone to call me after 0900

AMAZON: @205968 Hi, we don't have access to your account here, please contact us at your earliest convenience:  https://t.co/JzP7hlA23B ^AT

CUSTOMER: @AmazonHelp Thank you. Will it be s UK call centre as this is very important. I tried to get resolved over weekend and got no where.

AMAZON: @205968 We do not have UK specific contact details - it's for our Customer Service team. ^TD",Account / Access / Security,
2616433,2,"CUSTOMER: @AmazonHelp No point in having #SafePlace options permanently set if drivers ignore them &amp; take packages back to the depot, waste of a Prime subscription as I'm unable to wait at home all day

AMAZON: @192624 Hello, I am sorry to hear that your safe place instructions have not been followed. Has the safe place area been updated to show on each of your orders? Have a look here: https://t.co/aUM64dS4cp ^CR",Prime Membership,
1614107,2,"CUSTOMER: You know that you buy way too many items from Amazon when the delivery guy for your street calls you by your first name....

AMAZON: @495130 😁 You wanna go where people know, people are all the same, you wanna go where everybody knows your name. -Gary Portnoy ^DA",Other / Unclear,
381681,2,"CUSTOMER: hrrrgh the amazon prime video app is really frustrating, if i exit the app it crashes the ep half of the time

AMAZON: @206507 Could you help me with device name, software version and episode that you are trying to stream so that I can help you? ^AH",Digital Content,
2826438,2,"CUSTOMER: 届いた〜（｡ӧ◡ӧ｡）
Amazonプライム会員だから
ものっそい安く買えた♡♡
もうほとんど買い揃えた✌︎
後は実家近くの西松屋とかで
おしりふきとか粉ミルク買えばいいや！
15日には荷物全部実家に運ぶから
産休入ったらまとめなきゃ😂 https://t.co/XOz3QHNNGf

AMAZON: @787318 |´-`)ﾁﾗｯ　Amazonのご利用ありがとうございます！
今後ご入用なものも増えてくるかと思いますので、当サイトをぜひご活用くださいませ😀👶🎊 HM",Promotion / Gift Card / Credit,
1315526,3,"CUSTOMER: @115850 YOUR WEBSITE IS GARBAGE! I couldn't check out and now the phone isn't available. F U!

AMAZON: @427328 Sorry to know about your experience with us, Keshav. We realize you are eager to 1/2 ^AB

AMAZON: @427328 place the order with us. Please stay tuned for the product to get back in stock again. 2/2 ^AB",Order Management,
2355299,2,"CUSTOMER: @AmazonHelp hi is it normal to pre auth my debit card for £1 when I sign up to a free trial of prime?!

AMAZON: @680450 I'm sorry for the unexpected card activity! A £1 authorization is normal. We won't charge your card, and the charge should fall off in no more than 10 days! More info: https://t.co/BF1Iepfxt1 ^WT",Payment / Billing,
1071091,4,"CUSTOMER: @115821 And again!! https://t.co/xiVTKVUE51

AMAZON: @372754 I'm sorry your parcel wasn't left where you wanted at. Have you set your delivery preferences: https://t.co/X8nvnb7bQw? ^BV

CUSTOMER: Hey @115821 don't worry about delivering the parcels, just leave them on the step 👍🏻 https://t.co/WziryT1dKt

AMAZON: @372754 I'm sorry for the trouble! Have you reported this to us by phone or chat, yet: https://t.co/JzP7hlA23B? ^ST",Delivery Issue,
2380837,2,"CUSTOMER: Amazon Prime Musicいいなあ。プレイリストを何も考えずに流し続けれるのはありがたい。

AMAZON: @686469 喜んでいただけてうれしいです✨ SK",Digital Content,
378530,2,"CUSTOMER: Amazon primeの学割的なコース、無料お試し期間半年をすっ飛ばして有料会員に登録出来ます？(ビデオとか使いたい)

AMAZON: @205825 Prime Studentの無料体験中、年会費1,900円（税込）の有料会員に切り替えることは可能です。詳しくはこちらのヘルプページをご参照下さい。 https://t.co/pg3kzYhP6y EK",Prime Membership,
1200964,2,"CUSTOMER: @115821 @AmazonHelp Guy name Baidurya Phukan Ripp Amazon &amp; People money. Catch &amp; take action. I give more proof. He's from Guwahati. https://t.co/3fD6Rmu6Ek

AMAZON: @402194 Thank you for reporting it. We will consider this as feedback and ensure to pass it on internally. ^RW",Other / Unclear,
1737100,4,"CUSTOMER: Ya llegaron. Thanks @116928 https://t.co/nYG74UEJZ4

AMAZON: @524396 ¡Qué emoción! ¿Ya estás ansioso por estrenarlos? ^AR

CUSTOMER: @AmazonHelp Hombreeee. Y tanto que siii. Solo me queda esperar hasta las 15:30 para darle duro 😊😊

AMAZON: @524396 No te preocupes que el tiempo pasa rápido. ¡Nos tienes que contar tu primera impresión cuando los uses! ^AR",Other / Unclear,
2962798,2,"CUSTOMER: Thank you @116090 , for handing off my parcel to another resident, who is not me. So I do not have my item -_-

AMAZON: @817544 I'm sorry about the mistake delivering your order, Kainin! Please leave your information for us here: https://t.co/EY7YCo2f5a We'll take a look and be in touch with you shortly! ^PF",Delivery Issue,
2303006,8,"CUSTOMER: My signed copy of TATWD still hasn't been sent out, help @AmazonHelp @127390

AMAZON: @668272 Do you have a issue with an order placed on Amazon?
^MD

CUSTOMER: @AmazonHelp Yes, i ordered a signed copy of Turtles all the way down on you website, which should have been sent out on October 31st at the latest and it's still hasn't been sent

AMAZON: @668272 I understand your frustration, Jay. Can you confirm which site you're using? i.e., .com, .fr, .uk. We'd be happy to help! ^SK

CUSTOMER: @AmazonHelp .fr :)

AMAZON: @668272 Have you contacted our Customer Service to inform them of the situation?
^MD

CUSTOMER: @AmazonHelp I can't find the option, as the book has not been sent yet

AMAZON: @668272 You can contact our customer service by the following link : https://t.co/qzuu0dgDXz
^MD",Delivery Issue,
323779,2,"CUSTOMER: @AmazonHelp comment faire pour commander chez vous mais ne pas se faire livrer par amazon logistique, colis déposé dans la rue non merci !

AMAZON: @193116 Bonjour, je suis désolée d'apprendre cela, avez-vous signalé ceci auprès de notre SAV ? ^ KO",Delivery Issue,
2590196,2,"CUSTOMER: Thank You @AmazonHelp @115821 @115850 for cancelling my order.
I just wanna request you to refund the payment as early as possible as it is an EMI purchase and i dont wanna pay any extra charges now. https://t.co/F7ZTXNvzlP

AMAZON: @332761 I get your concern, Faiyaz. We have received your reply and we're working on the concern. We'll get back to you with further assistance. Appreciate your understanding and patience in this regard. ^SM",Return / Refund,
1741852,2,"CUSTOMER: 1.  Dear @115821, Please don't allow YOUR branded delivery service to ruin your good logistic-savvy name.

AMAZON: @525462 I'm sorry to hear this! Without posting personal account information, can you tell us more? ^KP",Delivery Issue,
2104287,2,"CUSTOMER: @TwitterSupport @117634 why is this in my TL? Not a promoted ad, but apparently I follow, which I do not? What's up with the back door ads by you deciding who I follow? https://t.co/3MiLz0Tvl0

AMAZON: @391603 Hi, I've checked the link and Amazing Kindles is not an Amazon twitter handle. ^TS",Other / Unclear,
155207,2,"CUSTOMER: Doing the majority of my Christmas shopping while snuggling Rose in the rocking chair. Thank you @115821

AMAZON: @151595 Sounds like the best way to do it! No stress, nice and cosy. 🎅🏻😍🎁^NV",Other / Unclear,
2825620,2,"CUSTOMER: amazonプライムて年会費を払えば、1年間見れるんだな  毎月3900円払うのかと思ってた。 ＃amazonプライム

AMAZON: @787144 (*´∇｀*).｡oO（「年会費税込み3,900円でございますよ～。＊月間プランもございます♪ https://t.co/FJh7vAncqv ）TN",Prime Membership,
2805925,2,"CUSTOMER: And really, may show as delivered 36 hours prior to actual delivery? Do you not see the issue with this, @AmazonHelp ??? https://t.co/gjOsnjep1O

AMAZON: @150006 We would like to look into this for you. Were you able to respond to the link provided previously: https://t.co/3T4FqoEOGv? ^ST",Delivery Issue,
1545741,4,"CUSTOMER: @115850 
I ordered Infocus turbo5,back cover,tampered glass.
 but the tampered glass was found broken.
Take it back and refund please

AMAZON: @478711 I'm sorry for the trouble with your order. May I know if you've reached our support team here: https://t.co/vlvfJr4nN9? ^AR

CUSTOMER: @AmazonHelp It shows that the product is not included in return option

AMAZON: @478711 I get your concern. Please connect with our support team using the link above. We'll look into it. ^PS",Damaged / Wrong / Missing Item,
180777,2,"CUSTOMER: @AmazonHelp I pre ordered Star Was Battlefront II  on XB1 and supposed to get beta code. Does this come from you or am I missing something?

AMAZON: @158490 Hi, sorry to hear this. Please get in touch with EA and they will be able to assist you with this issue. ^RL",Digital Content,
1735274,6,"CUSTOMER: Hey @115821, not only did you charge me twice for a purchase but your phone customer service sucks. :))))

AMAZON: @163158 Sorry to hear you feel this way, Shelby! Is one of the charges appearing as pending? More info: https://t.co/pJ7pqTrMWP ^AB

CUSTOMER: @AmazonHelp One charge is pending and one has been taken out but the one pending has already been pulled out.

AMAZON: @163158 It sounds like you might be seeing an authorization. Please click here: https://t.co/4Z7eDQV5hY to read more info on them ^NM

CUSTOMER: @AmazonHelp But why has it never done it before??

AMAZON: @163158 I understand, I'll pass your feedback on. ^AS",Payment / Billing,
1135229,4,"CUSTOMER: Mais je commande chez vous pour recevoir mon colis le jour de la sortie et vous êtes pas foutus de le livrer à temps. @AmazonHelp https://t.co/2sEphxOsqV

AMAZON: @387440 Bonjour,
Avez-vous contacté notre SAV pour leur faire part de la situation?
^MD

CUSTOMER: @AmazonHelp Non. Je vais le faire mais je ne pense pas que cela va changer quelque chose.

AMAZON: @387440 Il est important au moins de remonter l'incident au département concerné afin qu'il ne se reproduise plus. ^MH",Delivery Issue,
419450,5,"CUSTOMER: Every single time when I try to add gift card in @115850 there is a error... Everytime..don't know why..#wtf

AMAZON: @215027 Sorry for the inconvenience. Contact our support team here: https://t.co/vlvfJr4nN9 we will assist you further with the issue. ^GU

CUSTOMER: @AmazonHelp They are also not able to solve the issue...

AMAZON: @215027 I'll reach out to you with an update soon. 2/2 ^EM

AMAZON: @215027 I'm sorry to know that. I'd like to have a closer look, kindly drop in your details here:https://t.co/beaaDm0muc 1/2 ^EM",Promotion / Gift Card / Credit,
1625457,2,"CUSTOMER: @115825 die Untertitel der 3. Season Mr. Robot schreibt der Praktikant,oder? Wäre sonst 'n bisschen absurd bei der Anzahl der Fehler.

AMAZON: @308161 Hi, wir erhalten die Untertitel vom Rechteinhaber. Dein Feedback nehme ich aber gerne auf. ^SI",Digital Content,
1601841,6,"CUSTOMER: @115850 that the books had already reached Srinagar Courier facility. I called d courier facility n they said they r nt wid Amazon anymore

AMAZON: @491711 link: https://t.co/vlvfJr4nN9 &amp; we'll get back to you with an update. 2/2 ^RS

AMAZON: @491711 That's strange. Have you reported it to our support team yet? If not, please do so using the following 1/2 ^RS

CUSTOMER: @AmazonHelp I have already reported this.

AMAZON: @491711 We'll look into it. 2/2 ^SB

AMAZON: @491711 I'm sorry about the hassle regarding delivery. Please drop in your details here: https://t.co/GIJyeYqKE0. 1/2 ^SB",Delivery Issue,
2278641,6,"CUSTOMER: @129773 hello, why are there no subtitles for 'welcome to ballroom' episode 19? Cheers.

AMAZON: @662535 I'm sorry for the trouble, Maya! I can see that subtitles should be available for all episodes in Season 1 of Welcome to the Ballroom. Have you tried uninstalling and reinstalling the app or restarting your device? Please let us know! ^SD

CUSTOMER: @AmazonHelp Thanks for reply - I did both, still doesn't work, other episodes are fine. I'm running Android 8.0.0 on Nexus 6P. I'll try PC later, cheers

AMAZON: @662535 You're Welcome! Let us know if it doesn't work on the PC either. ^LS

CUSTOMER: @AmazonHelp PC version is fine, don't know what happened to mobile. Cheers, have a good weekend 👍🏻💃🕺🇯🇵

AMAZON: @662535 Glad the subtitles are working now! Let us know if you'd like us to take a closer look into why they weren't working on mobile. We'll be here! ^MB",Digital Content,
735264,16,"CUSTOMER: @115830 when do you deliver to lockers been saying all morning that it's being dispatched?

AMAZON: @150360 There is no specific time for delivery but you will be advised once the item has arrived.^CD

CUSTOMER: @AmazonHelp That's rubbish, I'm not gonna use this service again, pay for next day delivery and it comes at some point 2 days later what a shambles

AMAZON: @150360 I'm so sorry for the troubles! Just to clarify, can you tell us what the expected delivery date is?: https://t.co/aaDyEz1VgE ^AL

CUSTOMER: @AmazonHelp It says today but when you order next day locker delivery on a Monday shouldn't it have been here yesterday?

AMAZON: @150360 Its delivery after dispatch, not after ordering. What was the delivery date you received on checkout? ^MC

CUSTOMER: @AmazonHelp How longs it take to prepare for dispatch I'm getting worried it's not gonna come today now

AMAZON: @150360 Sometimes the tracking does not update until it gets closer to delivery. Please keep us updated on the delivery status. ^MH

CUSTOMER: @AmazonHelp Can you at least tell me the latest time your drivers deliver to lockers?

AMAZON: @150360 Sure! We make deliveries up to 21:00. More helpful info about Locker Deliveries can be found here: https://t.co/PsmUdYgaCa. ^SD

CUSTOMER: @AmazonHelp So how do I get it if the shopping centre is shut that's rather silly isn't it

AMAZON: @150360 Once your parcel is delivered, you'll receive an e-mail with a unique pickup code &amp; the opening times for your Locker location. ^WJ

CUSTOMER: @AmazonHelp You're missing the point I paid for next day delivery and here we are 2 days later and I still haven't got it

AMAZON: @150360 We can't see accounts w/ Twitter so please reach out to us so we can look into options for the order: https://t.co/JzP7hlA23B ^DD

CUSTOMER: @AmazonHelp So how do I get my money back please https://t.co/vuBZfXTLof

AMAZON: @150360 If you'd like to contact us using the link DD provided, we can have a look at this together in real-time. ^KN",Delivery Issue,
1603557,3,"CUSTOMER: amazon primeでプリズンブレイクみてるけど終わったら速攻次のエピソードいくの反則でしょ！！やめられない！！！

AMAZON: @492110 プライム・ビデオのご利用、ありがとうございます！(エンドレスの反則行為をどうかお許しください…)O o｡.(´-`*) RI

AMAZON: @492110 （´-`）.｡oO ( どうぞエンドレスでお楽しみくださいませ・・・！ )HM",Digital Content,
1463451,2,"CUSTOMER: @AmazonHelp How can I call customer service? I have a complaint about an attempted delivery.

AMAZON: @459673 I'm sorry for the poor delivery experience. You can reach us via phone or chat here: https://t.co/JzP7hlA23B. ^AL",Delivery Issue,
1899862,4,"CUSTOMER: @115833 last night my Echo &amp; Dot both started taking really long to respond and initiate commands. No change after reboot. Fixes?

AMAZON: @5608 Hey, Don. Can you tell us more about the delay? Was the light ring lighting up blue to indicate Alexa was listening? ^LB

CUSTOMER: @AmazonHelp Yes. Light ring working. Appears to work as normal but delay between request and response it 2-3X the normal rate I've come to expect.

AMAZON: @5608 I'd recommend a restart of the router! If that doesn't work, let us look into this with you: https://t.co/hApLpMlfHN! ^WT",Product / Device Support,
644852,2,"CUSTOMER: @AmazonHelp hello can I have a link for a live chat please I cannot find it on the site

AMAZON: @196672 Absolutely! We can be reached via chat here: https://t.co/JzP7hlA23B ^AN",Other / Unclear,
2948060,2,"CUSTOMER: Not impressed with @115830 leaving my parcel in plain view by my front door. I was in all day!

AMAZON: @444029 Truly sorry to hear you've had this delivery experience, Chis! Have you had the chance to report this to us directly, via phone/chat? With Twitter, we have no account access. You can reach out here: https://t.co/JzP7hlA23B ^JE",Delivery Issue,
2317931,10,"CUSTOMER: @AmazonHelp I'm still waiting for my refund one week later...what's happening?

AMAZON: @164791 Hi. I'm afraid we don't have access to account/order information through social media. What were you advised when you contacted us directly? ^DC

CUSTOMER: @AmazonHelp I cancelled Prime membership and have been expecting a credit to my account since. Please advise where I can follow up on the progress. It’s been past 5 working days already

AMAZON: @164791 Did you get a confirmation email that the refund was processed to your card? ^KM

CUSTOMER: @AmazonHelp Yup

AMAZON: @164791 It can take 5-7 business days depending on your banks processing time. ^MC

CUSTOMER: @AmazonHelp Email said 3-5. Why the change of goalposts now?

AMAZON: @164791 Hi. Have you contacted us by phone or chat for clarification? We cannot access your account through here. ^DC

CUSTOMER: @AmazonHelp Give me a link for chat. And no, I shouldn’t have to call for my money now, should I?

AMAZON: @164791 Hi. It's for security reasons that your Amazon account information is not accessible on public social media. You can contact us via this link: https://t.co/hApLpMlfHN We'll be happy to check the status of the refund. Thanks. ^DC",Return / Refund,
1197492,10,"CUSTOMER: @115850 Hi, when is Amazon Music launching in India?

AMAZON: @401365 Amazon Prime Music is one of the music streaming services available exclusively on echo devices (1/3)^SF

AMAZON: @401365 starting 31 October 2017. In order to stream music from Amazon Prime Music on the echo devices, the (2/3)^SF

AMAZON: @401365 customer has to be Amazon Prime Member. To learn more about Amazon Prime go to https://t.co/sZhSgO2VOn. (3/3)^SF

CUSTOMER: @AmazonHelp I am already Prime Member, can't it just be accessed by mobile/PC?

AMAZON: @401365 Amazon Prime Music will be available to Indian Prime Members exclusively on echo devices starting 10/31 1/3 ^SH

AMAZON: @401365 ios, Fire tv , PC etc. For other details, refer: https://t.co/AtrARNtjCu 3/3 ^SH

AMAZON: @401365 and in near future would be available across other devices &amp; operating systems including Android, 2/3 ^SH

CUSTOMER: @AmazonHelp Hi not able to access above link...can you please check?

AMAZON: @401365 Please try this link: https://t.co/dAgSOjGCNC. Keep us posted if the issue persists. ^HK",Digital Content,
1771774,2,"CUSTOMER: @AmazonHelp ça fait deux jours que un livreur a ""un soucis d'adresse"", alors que au début de la semaine j'ai reçu un autre colis de votre part (Tous deux amazon logistics), j'espère que mon colis n'a pas été volé

AMAZON: @532556 Bonjour, je suis désolé pour cela, que dit le suivi de votre colis?
^YL",Delivery Issue,
499970,2,"CUSTOMER: @AmazonHelp do you guys still deliver on weekends with prime one day option? For some reason it defaults to Monday's every time I order on a Friday but still says prime one day

AMAZON: @234418 Thanks for being a Prime member! During this time of year, some deliveries may take slightly longer than usual. As always, please see your up-to-date delivery date at checkout, which provides our most accurate estimate of delivery date. ^BV",Prime Membership,
2669301,2,"CUSTOMER: @AmazonHelp what’s the complaints procedure? So disappointed in the service and now my order won’t arrive in time 😩😩

AMAZON: @721982 Hi Claire. Can you contact us via the below link please: https://t.co/JzP7hlA23B we can look into this further with you. ^NV",Delivery Issue,
1092460,6,"CUSTOMER: @AmazonHelp so, silly question. Ordered something Saturday that is a prime item, but why isnt it being delivered within 2 days?

CUSTOMER: @AmazonHelp I mean one extra isnt the end of the world, but if its an amazon prime item and guaranteed to be delivered within 2 days and it's not...

AMAZON: @169227 We are here to help, Chelsea! You can find more information about shipping dates here: https://t.co/dL5ebqaAVH ^HM

CUSTOMER: @AmazonHelp  https://t.co/rWdLbLAZXe

AMAZON: @169227 Thanks for reaching out! Two-Day Shipping is the transit time for the order to arrive which does exclude weekends. ^DD

AMAZON: @169227 You are so welcome! ""Hoppy"" to help! ^BE",Delivery Issue,
1687767,4,"CUSTOMER: @AmazonHelp How do I get help replacing an order that is marked as ""delivered"" but is nowhere to be found?

AMAZON: @512521 I'm really sorry you didn't receive your order! Here's a link to our Help page for this situation: https://t.co/oNqW1ScNF1 ^BV

CUSTOMER: @AmazonHelp Yes, thanks, I saw that b4 I tweeted. I'd already followed all the steps described there. What next?

AMAZON: @512521 Thank you for clarifying. We can be reached for your next steps and available options here: https://t.co/hApLpMlfHN ^DW",Damaged / Wrong / Missing Item,
1021516,2,"CUSTOMER: @AmazonHelp I want to return some extra money 💰 which was transferred into my account by mistake. Please write back so that I can share details. Diwali 🌋 Gift 🎁 from me. Khusiyoo ki Diwali

AMAZON: @310707 We've responded to your tweet here: https://t.co/bE5oGKYmQm. ^NR",Payment / Billing,
2820516,4,"CUSTOMER: ねー、Amazonさんお支払いメールまだ？
いつもならもうきてる頃だしフラゲできないじゃん😭😭😭

AMAZON: @786132 Amazonです。このたびはご心配をおかけしております。
お支払い番号は商品が出荷準備に入り次第Eメールにてお送りしております。Eメールの内容はメッセージセンターでもご確認いただくことができます。https://t.co/T4O8Kak3dh 　MH

CUSTOMER: @AmazonHelp リプありがとうございます。
確認してみます。

AMAZON: @786132 よろしくお願いいたします。 EK",Payment / Billing,
2631425,2,"CUSTOMER: What thinketh thee?? @115830 . Slight over exaggeration on packaging requirement? #Environmentfail https://t.co/wte7eEr0fJ

AMAZON: @743042 Hey Ali! Wow, that is a big box for that. We'd love to get this feedback submitted! Please send your packaging feedback to us here: https://t.co/pyikpzPbFg Thanks! ^AJ",Other / Unclear,
727893,2,"CUSTOMER: Je dois reconnaître qu'@AmazonHelp réagit très vite lorsqu'on a un problème. Bravo 👏🏻

AMAZON: @183847 Bonjour, je vous remercie pour votre commentaire. Nous et notre SAV sommes là au service de nos clients 🙂 ^ARC",Other / Unclear,
1916322,4,"CUSTOMER: I’ve had the worst shipping experience with the @115821 carrier service in Boston over the past 3 days. Cancelled my order. Your experience?

AMAZON: @570794 I'm so sorry for the experience you've had, Jonathan. Would you please tell us what's going on? We'd like to help! ^MH

CUSTOMER: @AmazonHelp I plan on never ordering from amazon again.  Trust is gone. I was lied to many times on the phone. What number can I reach you at?

AMAZON: @570794 You can contact us via phone or chat here: https://t.co/hApLpMlfHN ^MW",Delivery Issue,
667687,10,"CUSTOMER: @AmazonHelp hola! Me llegó un cargo a mi tarjeta pero ya no he hecho compras hoy, se puede rastrear de que es?

AMAZON: @279150 ¡Hola Daniel! Sentimos los inconvenientes Sin compartir información personal ni confidencial, ¿Podrías indicarnos si el importe es similar al de tu última compra? y ¿Si has recibido alguna notificación a tu correo electrónico por parte de Amazon?  ^PC

CUSTOMER: @AmazonHelp No he recibido correos de Amazon, el domingo hice 2 pedidos (sin problema y con varios cargos aplicados) pero para nada se parece el cargo de hoy que es de 99 pesos

AMAZON: @279150 Daniel, ¿ A cuál sitio web de Amazon pertenece el cargo? ^DS

CUSTOMER: @AmazonHelp México https://t.co/YgddnwtIO1

AMAZON: @279150 Daniel ¿Tienes alguna otra cuenta en https://t.co/nUUp5MLhYl? y ¿Podrías indicarnos el detalle o motivo de cobro que te reportan en el extracto bancario?  ^PC

CUSTOMER: @AmazonHelp Tengo cuenta en la tienda de Estados Unidos y de Mexico con el mismo correo, pero el banco solo me manda el mensaje como en la imagen anterior

AMAZON: @279150 Por este medio no tenemos acceso a tu cuenta Daniel. Por favor entra en contacto con nuestro Servicio al Cliente por este enlace: https://t.co/eJXKURvpr8  ^JJ

CUSTOMER: @AmazonHelp Listo, muchas gracias!

AMAZON: @279150 Con gusto Daniel, estamos para ayudar. ^JD",Payment / Billing,
1544509,6,"CUSTOMER: @115850 @115821 https://t.co/hNDDbomp4r

AMAZON: @478409 Oops! That's quite a delay. Sorry for the delay with the refund. The refund is usually processed within 5-10 days after (1/2) ^KA

AMAZON: @478409 return.  Please connect with us here: https://t.co/00q4Sqj9zL and we'll have this checked for you. (2/2) ^KA

AMAZON: @478409 Please don't provide your order details, we consider it to be personal information. Our page is visible to the public. ^KA

CUSTOMER: @AmazonHelp I haven't got any refund ...😈 https://t.co/SgbaHS0khH

AMAZON: @478409 Sorry to know that, have you reached out to our support team using the link provided earlier? ^PS",Return / Refund,
2864793,2,"CUSTOMER: Time to track my @115821 package that was apparently delivered but is nowhere in sight. What a riveting afternoon 🙄

AMAZON: @795710 We'd like to help. Here are some steps to try in situation like these: https://t.co/EJ4zoTByUI ^GG",Damaged / Wrong / Missing Item,
849795,4,"CUSTOMER: @AmazonHelp reporting bug. Had reoccurring trouble canceling two items simultaneously in smile.amazon. Had to do separately.

AMAZON: @321922 I understand how frustrating this can be! Allow us to take a closer look at the account with you here: https://t.co/hApLpMlfHN ^QJ

CUSTOMER: @AmazonHelp Thank you!

AMAZON: @321922 You're Welcome, Kara! Let us know if there is anything else we can do for you!^HM",Order Management,
2238097,2,"CUSTOMER: Dear @115850, with a collection so pathetic how do you plan to compete? Found 0 out of 10 movies searched for

AMAZON: @652634 Sorry you couldn't find what you were looking for. We keep adding new content regularly, stay tuned for updates. ^MS",Digital Content,
2710330,4,"CUSTOMER: @AmazonHelp @115825 kann man wenn man in Italien im Urlaub ist keine Filme/Serien schauen? :D

AMAZON: @121895 Alle Titel, die du auch im Ausland streamen kannst, findest du hier: https://t.co/r5Ai7a40Kt :) Lieber Gruß ^SI

CUSTOMER: @AmazonHelp Dankeschön :D 👍🏽

AMAZON: @121895 Bitte :-)",Digital Content,
2866144,2,"CUSTOMER: Seriously, things @115821 are screwed up when @118706 is more reliable than #AmazonLogistics #AmazonLogisticsSucks

AMAZON: @425206 I'm sorry for the poor delivery experience! We'd like to investigate this further. Have you had a chance to send us your order details through the link provided by ^JJ? ^MB",Delivery Issue,
519692,4,"CUSTOMER: Really disappointed by @115821 and it’s Prime service. Package is late and it is not possible to get access to @117634 version until the physical package arrives #CustomerService

AMAZON: @239937 I'm sorry your package wasn't delivered. Can you let us know what's the status of the tracking and who the carrier is?  ​https://t.co/Q7Ftz6ETZy   ^LL

CUSTOMER: @AmazonHelp Please have a look at the transcripts of the conversations with your representatives (4)

AMAZON: @239937 I'm sorry, we're unable to review account or order details over Social media for security reasons. Without sharing these details, will you tell us what the status of your order is and what the most up to date tracking information says? ^DW",Delivery Issue,
804029,5,"CUSTOMER: @115850 delivery boy took extra Rs.50 from my mother
You see its not about Rs.50
Its abt lying/looting for Rs50
#AmazonGreatIndianFestival

AMAZON: @310876 That's unusual. Sorry about the unpleasant experience. ^NR 1/2

AMAZON: @310876 Kindly fill in your details here: https://t.co/GIJyeYqKE0, and I'll have this escalated. ^NR 2/2

CUSTOMER: @115850 I have already done that.

AMAZON: @310876 Thanks for the confirmation, Prerana. Our team will get back to you with an update soon. Request you to wait. ^NK",Payment / Billing,
302250,2,"CUSTOMER: Muuuuito feliz com a possibilidade de resolver o problema do meu Kindle com a @117086 ♥️♥️

AMAZON: @188118 Estamos para lhe ajudar 😊 Conte conosco sempre que precisar. ^LG",Product / Device Support,
570108,2,"CUSTOMER: @AmazonHelp what is up with your shipping in Kansas??? My package was out for delivery TWICE and sent back to the distribution center TWICE!!  I don’t get it???  And I still don’t have my pants I ordered on Prime over a week ago?!?  #AmazonPrime

AMAZON: @253818 I'm sorry for the trouble! We'd like to take a closer look at this. Please reach out to us at your earliest convenience here: https://t.co/hApLpMlfHN ^LJ",Delivery Issue,
1868791,2,"CUSTOMER: @120474 is the standing for @146898 in front of the stage or at the back? Booking for @75479

AMAZON: @493495 Please get in touch and we'll check on this for you: https://t.co/rPste4vQYN. ^BM",Other / Unclear,
1388416,2,"CUSTOMER: @115850 @AmazonHelp what’s this ? Damaged product ? https://t.co/NxdghrQxHK

AMAZON: @318452 Apologies for the trouble. Kindly connect with us here:https://t.co/vlvfJr4nN9
and we'll get this sorted for you. ^PB",Damaged / Wrong / Missing Item,
2622473,6,"CUSTOMER: @AmazonHelp Glitch on the website https://t.co/nUTkgqOs8f £184.50 with Prime but when selecting it says £188.78 https://t.co/NwrBiScALE

AMAZON: @236394 Hello! Are the headphones you selected being sold by Amazon or a Marketplace seller? ^DO

CUSTOMER: @AmazonHelp I believe Amazon? https://t.co/NSheiA8y5n

AMAZON: @236394 That's odd. Have you tried clearing your cache and cookies or using another browser/device? Let us know if the price difference is still showing after trying those troubleshooting tips. We're here to help! ^TH

CUSTOMER: @AmazonHelp That's strange, the price has now gone up to £204.90 having cleared my cookies.

AMAZON: @236394 Thank you for taking the time to bring this to our attention. We work hard to make sure our prices are as competitive as possible and may from time to time change our prices. However, we don’t offer post-order price adjustments. ^GA",Payment / Billing,
2870631,2,"CUSTOMER: @127917 Hello. Package was supposed to be delievered today - tracking says it was delayed, but Amazon says it's still coming today.

Can you clarify??

AMAZON: @176393 I'm sorry about the wait! We cannot review account info via Twitter, but would love to assist you in real-time. Please reach out to us here for clarification: https://t.co/hApLpMlfHN ^SH",Delivery Issue,
1318236,2,"CUSTOMER: 雨上がって散歩から帰ってきたら荷物届いた
Amazonから
カラカラ音がする…
開けてみた
爆弾じゃなかった
頼んだ記憶がなくて注文履歴見てもやっぱり頼んでない…
キトン…茶トランへのごはんよねこれ…
誰か送ってくれたのかな…
でも誰かわからないので使えない…
誰！誰なのー！😭 https://t.co/hgcKmg3y4g

AMAZON: @427873 お心当たりがない場合は、お調べした上でご案内いたしますので、リンクよりカスタマーサービスにお問い合わせください。https://t.co/J6YEizo6qC TN",Order Management,
345839,2,"CUSTOMER: Hey @116618 I rented The Circle and it keeps stalling out after exiting the app on tv? What should I do?

AMAZON: @155699 We'd like to help. Let's try some of these troubleshooting steps: https://t.co/nF2OOoCbq8, and please keep us posted. ^GG",Digital Content,
2825659,2,"CUSTOMER: Amazonさんから日本郵便ゆうパケットとかゆーやつで発送されたらしいんだけど、配達来た瞬間お家にいない場合ポストに突っ込まれるやつ？再配達きてくれるやつ？バッキバキに折られるの怖すぎるから誰か教えてほしいヽ(；▽；)ノヽ(；▽；)ノ

AMAZON: @787149 メール便でのお届けの場合は、ポスト投函を持って配達完了とさせていただいております。https://t.co/WrHMbukPG5 万が一問題があった際には、恐れ入りますが、カスタマーサービスにお問い合わせください。TN",Delivery Issue,
1451518,2,"CUSTOMER: @115821 @116439 

Love the stick

Why can I not control the volume?

Could you include the places with the screensaver.

@115851

AMAZON: @456835 Thank you for your feedback. I will gladly forward it to the responsible department. Kind regards, ^SI",Product / Device Support,
1838912,2,"CUSTOMER: When @115830 mess up on a pre order and don't dispatch it on time 🤦🏼‍♀️

AMAZON: @551138 Sorry to hear this - have we provided a new delivery date ? ^TD",Delivery Issue,
783285,4,"CUSTOMER: @AmazonHelp making an office delivery at 7:30 pm. stayed back at office ..Thats how amazon works..7 day with amazon prime still no delivery.

AMAZON: @298990 Apologies for the delay. We've responded to your concern via email, kindly refer the same and revert for further concerns.^EM

CUSTOMER: @AmazonHelp The problem is that ypu guys have sent me many mails but not the sol to the problem..if the sol is only my patience then i gues it wont work

AMAZON: @298990 We are working on it, kindly wait until the time frame mentioned to get this issue resolved. ^EM",Delivery Issue,
144151,2,"CUSTOMER: Gracias @AmazonHelp y @116928 por haber solucionado el problema con rapidez.

AMAZON: @146876 Con mucho gusto, estamos para ayudarte. ^FZ",Other / Unclear,
290472,2,"CUSTOMER: @AmazonHelp Hi,what do I do If i have items to pickup that I no longer need? Thanks!

AMAZON: @185180 Are the items you ordered being sent to an Amazon Locker? Check here: https://t.co/PCtircFm5C ^GL",Return / Refund,
130815,2,"CUSTOMER: When @115821 won’t let you log in or change your password so you can’t add anything to your lists 😒😒😒

AMAZON: @145535 I'm sorry for the trouble! We'd like to help if we can. Please contact us here so we can assist you: https://t.co/jzvkhdlrK5 ^MO",Account / Access / Security,
546492,6,"CUSTOMER: @115821 put obvious Christmas presents in boxes your stupid idiots! This really pisses me off to come home and find this laying on my porch! Wtf is wrong with you!? https://t.co/pUsUf0cjXb

AMAZON: @247074 I'm sorry for the trouble! Some items aren't shipped with additional Amazon packaging. Find more information here: https://t.co/XbOXo1NA69 ^KP

CUSTOMER: @115821 Not ok! https://t.co/bTwLas1ddW

AMAZON: @247074 I'm sorry to see this! Was this item sold and fulfilled by a third-party seller or by Amazon? You can review your order details here: https://t.co/Y5jpI9gRhE ^WM

CUSTOMER: @115821 It was a third party. My son is the one who found it. This was a big present for him and this is totally unacceptable.

AMAZON: @247074 Thanks for the information, Valerie! We don't like letting you down, and hope that you give us another chance to make it up to you in the future! Please add your feedback here: https://t.co/u71ACh7ri6 so we can dive a bit deeper into this! (Copy and Paste works fine) ^FR",Delivery Issue,
1562039,2,"CUSTOMER: Amazonの荷物が届かないー
今日の午前中指定なのに😡😡😡
明日の昼には必要なのにーー
ヤマトにかけても、すんませんねー😅へらへら
って感じで余計にイラッ！！
どこにあんねん私の荷物！！！

AMAZON: @482505 お届け日時指定便が遅延しているとの事で、ご迷惑をおかけしております。状況をお調べいたしますので、よろしければこちらのURLよりAmazonカスタマーサービスまでお問い合わせ下さい。 https://t.co/g1K8X8Gp9S EK",Delivery Issue,
122816,2,"AMAZON: @143406 Amazonプライム、ご登録ありがとうございます！特典一覧をお送りしますので、よろしければチェックしてみてください🙇‍♂️
|∀・).｡oO(中の人も「ふらっとQUZUMI」の部分好きです。なんというか、幸せな気持ちが伝わりますよね・・・🍀)　MH https://t.co/zmvHE88QIE

CUSTOMER: Amazonプライム会員になったので、孤独のグルメの「ふらっとQUZUMI」をまとめて観ています。食べた刹那の困り系喜び顔がたまりません。",Prime Membership,
2886546,4,"CUSTOMER: 娘たちにAmazonさんを勝手に開封された(；´∀｀) https://t.co/aIisDyAM1M

AMAZON: @800543 開けられてしまいましたか…ｼｮﾎﾞ━(´･ω･`)━ﾝ どうか皆様でお楽しみください♪
Amazonのご利用ありがとうございました！ RI

CUSTOMER: @AmazonHelp いつもお世話になっています！
明日も本が到着予定なので開けられちゃいそうですｗ

AMAZON: @800543 こちらこそ、いつもAmazonをご愛顧いただき、ありがとうございますm(*-ω-)m
明日の開封の闘いは、勝利を期待しております！ RI",Other / Unclear,
2820484,2,"CUSTOMER: そういえば、AmazonPrimeのStudent会員になりました！(ゆゆゆをいつでもどこでも見るため)

AMAZON: @786126 ご登録いただきありがとうございました！お気に入りのビデオをダウンロードしていただければWi-Fiが無いところでも視聴できますので、ぜひご活用ください🎶 EK",Prime Membership,
2962772,6,"CUSTOMER: Bonsoir @AmazonHelp cela fait 2 fois en 1 semaine qu’1 colis via PostNL/TNT n’est pas livré car “absent” alors que l’on est présent...

AMAZON: @817537 Bonsoir, je suis désolé pour cela. Avez-vous remonté l'incident à notre SAV ? Vous avez pu finalement récupérer vos colis ? ^MH

CUSTOMER: @AmazonHelp c’est en cours, cela fait 3 colis via TNT/PostNL sans avis de passage, dépôt chez un voisin sans prévenir, et j’en passe.

AMAZON: @817537 Je réitère mes excuses pour toute gêne occasionnée. Sachez que c'est grâce à vos remontées qu'on pourra améliorer notre service, nous ne manquons jamais d'en faire part au transporteur afin que ça ne se reproduise plus. ^MA

CUSTOMER: @AmazonHelp Je vous remercie pour votre écoute. Il fallait que cela soit remonté.

AMAZON: @817537 A votre service, nous restons à disposition en cas de besoin. ^KD",Delivery Issue,
701520,2,"CUSTOMER: @116875 estoy pagando el servicio Prime, en la página me aseguran que mi envío llegará al día siguiente y ahora aparece que la entrega estimada será el domingo 😡😡😡😡😡😡 Necesito mis productos!!

AMAZON: @287460 Hola Itza! Siento mucho el inconveniente, en este caso por favor entra en contacto con nuestros compañeros de servicio al cliente en el siguiente link: https://t.co/beR78zMMYB.
^NP",Delivery Issue,
691168,6,"CUSTOMER: @115850 E-commerce at danger wid player like Amazon.in looting our nation. Didn't received product and they show its delivered.Action

AMAZON: @285159 We apologize for this, Ankit. Please connect with our support team : https://t.co/vlvfJr4nN9 and it'll be resolved. ^SK

CUSTOMER: @AmazonHelp I already. They ask to wait 5days. I need product urgently. Wrong updation is not at all acceptable.

AMAZON: @285159 We'd like to take a closer look. Please share your details here: https://t.co/GIJyeYqKE0 and I'll get in touch with you. ^HD

CUSTOMER: @AmazonHelp I am feedup with your CSA's.They don't have any details.They just know to reply in standard template as""We Need 3-5Business Day""&amp;I cant wait

AMAZON: @285159 Kindly drop your details through the link provided above so we can look into the issue and resolve it as soon as possible. ^SH",Damaged / Wrong / Missing Item,
239023,8,"CUSTOMER: @115850  I bought one plus 3T phone on 21st sep 2017(ORDER # 408-8137211-1133927). product was defective. On placing return, amazon1/2

AMAZON: @172830 Please don't provide your order details, as we consider it to be personal information.Our page is visible to public.(2/2)^AU

CUSTOMER: @AmazonHelp Till now no response from us side

AMAZON: @172830 We've emailed you. Kindly check it here: https://t.co/8DWyEheojk ^NS

CUSTOMER: @AmazonHelp The worst kind of customer support I have experience with Amazon. Atleast don't misguide

AMAZON: @172830 Please reply to the email you have received from our specialist team to assist you further. Appreciate your understanding.^HR

CUSTOMER: @AmazonHelp Before sending any mail know the case. If you can not provide door step pickup atleast initiate the return and provide delivery address.

AMAZON: @172830 We can't access your account over Twitter. You can choose to write back to our e-mail, we'll revert soon. ^CB",Return / Refund,
1197534,6,"CUSTOMER: @115850 I have order this on Diwali sale , now you have automatically cancel the order give me reply otherwise I go to consumer court https://t.co/xNvfM3CSaO

AMAZON: @401372 I'm sorry about the order cancellation. Please call us here: https://t.co/vlvfJr4nN9 &amp; we'll help you.^SF

CUSTOMER: @AmazonHelp There is no contact no. In this link

AMAZON: @401372 select issue codes &gt; choose from chat / phone / email options, if selecting phone option select language preferred(2/3) ^VM

AMAZON: @401372 Please reach us via: https://t.co/vlvfJr4nN9 &gt; login to your Amazon.in account or select Skip Signin &gt; (1/3) ^VM

AMAZON: @401372 (option 1: English, option 2: Hindi) &gt; provide us your number &gt; choose from 'call now' or 'call me in 5 minutes'. (3/3) ^VM",Order Management,
2396389,2,"CUSTOMER: Dear @115821 please tell your delivery drivers not to mark things delivered when they are not...#revelation21:8

AMAZON: @689770 I'm so sorry to hear you haven't received your delivery! Please see the following help page for dealing with a missing delivery: https://t.co/aftYp5PVIj ^RO",Damaged / Wrong / Missing Item,
2435987,2,"CUSTOMER: @115850. Have paid advance for LAN adapter on 21.05.17. Havent deluvered till date. CS refuses 2 acknowledge. Lackadaisical attitude

AMAZON: @698905 I'm sorry about the trouble with the delivery. We'd like to help, kindly share your details here: https://t.co/GIJyeYqKE0 ^MA",Delivery Issue,
780328,8,"CUSTOMER: @115850 never gonna shop again from you guys. Poor service for the first time in 3 years me being with you guys..

AMAZON: @306309 I see that you had a bad experience. Could you please let us know what went wrong. We will get it resolved. ^GU

CUSTOMER: @AmazonHelp  https://t.co/tpCSil98vk

AMAZON: @306309 Hence, please elaborate your query and we will assist accordingly. (2/2)^HR

AMAZON: @306309 As this is a social media platform, we can't view your order details. (1/2)^HR

AMAZON: @306309 Also, as this is being the social platform, please don't provide order details, as we consider it personal information.^HR

CUSTOMER: @AmazonHelp Thanks for the Info...would take care..

AMAZON: @306309 Appreciate your understanding. ^SA",Other / Unclear,
2521800,4,"CUSTOMER: @AmazonHelp I want a REFUND

AMAZON: @708435 I'm sorry for the trouble. We don't have access to accounts via Twitter. Please call us: https://t.co/JzP7hlA23B so we can help sort this out. ^CO

CUSTOMER: @115821 @115830 @AmazonHelp Order number: 205-8970008-6516341 
WHERE IS MY REFUND???? 
I have been calling u and emailing you for weeks. Why have you not refunded me!? Explain.... #amazonshit

AMAZON: @708435 Hello, thanks for reaching out! I have responded to your DM.

For security reasons, we recommend removing your Tweet with your order number on it.  ^AR",Return / Refund,
762471,2,"CUSTOMER: Woke up to half of my screen not working on my @117634 called the customer service and they literally offer nothing @115821

AMAZON: @302181 I'm sorry to hear this happened with your device! What information were we able to provide you about this? ^GL",Product / Device Support,
287413,2,"CUSTOMER: @AmazonHelp Ordered my daughter’s formula (only available online) through prime&amp;it won’t be here for a week? We’re going to run out so thx 😩

AMAZON: @184490 I'm sorry for the extended delivery window, Annie! Please phone us here: https://t.co/hApLpMlfHN and we'll at options. ^LB",Delivery Issue,
2254650,2,"CUSTOMER: I think someone stole my package from Amazon and im bitter 😤😤

AMAZON: @656727 I'm sorry to hear about the issue with your order. Please phone or chat with us to discuss options on your order with you: https://t.co/hApLpMlfHN ^AN",Damaged / Wrong / Missing Item,
2124790,2,"CUSTOMER: huh guess i have amazon prime now

AMAZON: @625773 Hmm... Well do you want some information on how to cancel the subscription? ^MJ",Prime Membership,
872138,4,"CUSTOMER: @115821 the last few purchases I made were lost in shipping or took more than 5 days to get here. I pay for 2 day shipping and expect that

AMAZON: @327060 I'm sorry there have been so many order issues. Is there a current order that we can help you out with? ^VS

CUSTOMER: @AmazonHelp 112-7748883-3137824

AMAZON: @327060 Please do not post order numbers as they are considered account specific info. Have we missed the delivery date? ^NM",Delivery Issue,
2797205,2,"CUSTOMER: Our parcels have arrived 3 days late slung over a neighbour's fence and boxes damaged! Disgraceful @115830 @AmazonHelp https://t.co/PwvTbpLzXL

AMAZON: @780488 I'm sorry for the condition of your delivery. Please contact us directly via phone or chat to report this and explore options here: https://t.co/JzP7hlA23B ^JF",Damaged / Wrong / Missing Item,
2319556,7,"CUSTOMER: I honestly praise Amazon to people daily, constantly saying how good they are, but the person I just spoke to on the phone was useless.

Gave me the worst advice and hasn't solved the problem at all. Actually disappointed. @115830 @AmazonHelp

CUSTOMER: @249039 @115830 @AmazonHelp My problem was still never solved after 3/4 weeks 🤷

AMAZON: @249039 I'm sorry for the poor experience today. Without including any account details, can you tell us more about what's happened? We'd like to help! ^ZW

AMAZON: @249039 Hey Alex, without posting personal information, what exactly happened? ^KI

AMAZON: @316484 Hello, I'm sorry to hear this. Without disclosing any account/order information for security reasons can you give me a brief out line of the issue you are having? ^KK

CUSTOMER: @AmazonHelp A courier refused to give me my parcel and said he'd be back with it, and never did.

AMAZON: @316484 I am very sorry to hear this Stacey, can I ask for you to reach out to us through the following link please so we can investigate this for you: https://t.co/JzP7hlA23B. Thanks ^GA",Delivery Issue,
837108,2,"CUSTOMER: @42940 @260863 
Whats wrong with your replacement policy? Or is it a trap from @115850 to sell faulty products on discount. https://t.co/5Tck184gA2

AMAZON: @182456 Apologies for the inconvenience. Could you tell me if you have contacted our support team for the status of your replacement? ^SF",Return / Refund,
389669,8,"CUSTOMER: Worst seller @115821 solve my problem

AMAZON: @208239 Sorry but we weren't able to comprehend much about your concern. Could you please elaborate? ^YP

CUSTOMER: @AmazonHelp I order clb optus shoe worth rs 2299 but I recieved diffrent item and your return facility is not avalaible at my town 854301

AMAZON: @208239 Sorry about the wrong product being delivered. Please connect with us here: https://t.co/TdDksLo6Mf &amp; we'll look into this. ^HD

CUSTOMER: @AmazonHelp All process done by me now resolve my refund issue

AMAZON: @208239 Kindly share your details here: https://t.co/beaaDm0muc and we'll reach out to you. ^GK

CUSTOMER: @AmazonHelp I contacted your custmor care service and they are ask me all the process to return so i did.

AMAZON: @208239 You will receive the refund once the product reaches back to us. ^AG",Damaged / Wrong / Missing Item,
2789048,9,"CUSTOMER: This is the third time now. I was told my package would be delivered today (two days late) at “highest priority”. It is still not here! This is getting so ridiculous now! @115821 @115830 @AmazonHelp

AMAZON: @135790 I'm sorry for the delay! What's the current status of the shipment? You can see that here: https://t.co/aaDyEz1VgE ^TR

AMAZON: @135790 I'm so sorry for the concern, Georgia! Packages can arrive up to 21:00 on the day of delivery. Please keep us posted on delivery today! We're here to help! ^SD

CUSTOMER: @AmazonHelp That’s the point, there is no new status. It says out for delivery on the 19th, which it wasn’t. https://t.co/cGoybla9Z9

AMAZON: @135790 I know how frustrating this can be when a package is delayed. Did you receive an email regarding the delay? ^BA

CUSTOMER: @AmazonHelp Yes I was told it wasn’t available near me but it would be delivered by the end of the day or earlier.. This is part of the email I received which I also sent back to amazon CS https://t.co/VzxnSSntDv

AMAZON: @135790 We'd like to have a specialist take a look into this for you. Please provide details here: https://t.co/GqFbQYu2V0

CUSTOMER: @AmazonHelp Thank you, sent over my message.

AMAZON: @135790 Thank you for filling the link provided! I can confirm we've received your information and a specialist will be in contact with you soon! ^AR",Delivery Issue,
58778,2,"CUSTOMER: Hey @115821 there should be no reason why my items should keep arriving bent and bruised up. Please package things more carefully. https://t.co/6YR1Xf7Aym

AMAZON: @129379 So sorry Lana! Our packaging team would love to hear your feedback. Please provided that here: https://t.co/EfZQw8kWI5 ^LS",Damaged / Wrong / Missing Item,
2714715,4,"CUSTOMER: Amazonから架空請求きてるしいろんな意味で鬱

AMAZON: @762075 アマゾンです。当サイトを装い個人情報を取得しようとする詐欺が発生しているようですので、どうぞご注意くださいませ。メールの識別方法についてのヘルプページをご用意しておりますので、ご参照ください。https://t.co/PBFHSPHfIx ET

CUSTOMER: @AmazonHelp ご丁寧にありがとうございます！

AMAZON: @762075 とんでもないことでございます。Twitterでもサポートさせていただいておりますので、何かご不安に感じた際には、いつでもお知らせくださませ。ET",Account / Access / Security,
2816360,2,"CUSTOMER: @115850 @115833 what happened to my feedback or complaint. https://t.co/XtkVxMx5nb

AMAZON: @145394 I get your concern regarding the feedback for Echo. We have forwarded your feedback and our team will work on this. Alexa has thousands of skills with more added regularly. Please stay tuned! ^BS",Product / Device Support,
1738372,2,"CUSTOMER: Hi @115850 do you plan to provide the Cash Back I earned, which your reps promised twice or Going to digest it on your own.

AMAZON: @360907 We would like to help you. Kindly elaborate on the concern for our better understanding. ^CB",Promotion / Gift Card / Credit,
465785,4,"CUSTOMER: Amazonカスタマーセンターなるところから有料コンテンツの支払が済んでおらず、法的措置に移行するとのメールが入ってますがこりゃあウィルスメールでしょうな

AMAZON: @225824 アマゾンです。当サイトではそのようなご連絡を差上げることはございません。企業を装い個人情報を取得しようとする詐欺が発生しているようですので、どうぞご注意くださいませ。こちらも合わせてご参照ください。https://t.co/Jd0PsBU9Mr ET

CUSTOMER: @AmazonHelp ありがとうございます、やはり詐欺メールですね。ご丁寧にご回答頂き、ありがとうございました。

AMAZON: @225824 とんでもないです。どうぞよろしくお願いいたします。 EK",Account / Access / Security,
1193446,2,"CUSTOMER: my mom &amp; I were both getting amazon boxes today, they delivered hers, but sent me a notice that said the driver couldn’t find address 😒😒 wut

AMAZON: @400434 I'm sorry about the delay. Did it show being assigned to another carrier? You can check here: https://t.co/q4LAMZ3tbE ^SJ",Delivery Issue,
1574427,2,"CUSTOMER: So, uh... On Saturday I ordered some spatulas from @115821 and they were scheduled for delivery to an Amazon locker on Monday (today).
Yesterday I got an email saying they couldn't deliver and I may need to provide a security code.

AMAZON: @485222 Hi, sorry to hear that, what's the current status of the tracking and estimated delivery date: https://t.co/Y5jpI9gRhE? ^JJ",Delivery Issue,
1464276,2,"CUSTOMER: Ordered a replacement phone, received a differential pressure instrument...? I don't even know what this is @115830 https://t.co/FhrGJEUhkx

AMAZON: @459869 I'm sorry you received the wrong item. You can view your available options here: https://t.co/TonqZ6ZxxD ^CO",Damaged / Wrong / Missing Item,
1362477,3,"CUSTOMER: 1 aydır yanlış bakıyormuşum kargoya 13 ünde verilecekmiş ve 21kasım-7 Aralık bende olacakmış pardon ürün yürüyerek mi geliyor @116316

AMAZON: @437238 (1/2)Şimdilik Türkçe olarak destek verememekteyiz.

AMAZON: @437238 (2/2) Bizimle müşteri hizmetleri aracılığıyla iletişime geçebilirsiniz: https://t.co/ohyvGrpvrY ^MI",Delivery Issue,
1616366,2,"CUSTOMER: @115821 parcel just arrived - left over garden wall in full view of passers by. No attempt to ring bell or leave in unlocked porch - I thought he was searching van for further parcels but he just drove off. I'M NOT HAPPY!

AMAZON: @495687 Hi, sorry to hear that, please report this to us here https://t.co/JzP7hlA23B so an agent can escalate it. ^JJ",Delivery Issue,
356701,2,"CUSTOMER: @1384 @115850 
Please check the prices on such products. https://t.co/ELZCxaN387

AMAZON: @200699 We'd like to check this. Please share the 'ASIN' mentioned under product details.  ^VN",Other / Unclear,
2532475,4,"CUSTOMER: Dear @115850, 
What's wrong with your customer care team?
It used to be best one time, but now just a shadow of its past.
#whereismyorder

AMAZON: @720714 Apologies for the trouble, Garima. Kindly fill in your details here:https://t.co/GIJyeYqKE0 and we'll sort this out for you. ^PB

CUSTOMER: @115850 done

AMAZON: @720714 Thanks for the heads-up. We'll check this and get back with an update. ^YP",Delivery Issue,
227688,2,"CUSTOMER: .@115850 I ordered for a laptop recently and received a faulty piece that wouldn't charge. Your pickup guy has refused to replace it.

AMAZON: @170299 Sorry for the inconvenience. Please reach out to our support team here: https://t.co/vlvfJr4nN9. Be assured of help.^SB",Damaged / Wrong / Missing Item,
1239541,4,"CUSTOMER: 何かアマゾンサポートセンターって所から至急確認したいことがあるので本日中に電話くれってメール来たのだが
あたしアマゾン登録してないし、使ったこともないんだけど…

AMAZON: @410744 Amazonです。SMSの場合はAmazonからお送りしたものではありませんが、Ｅメールで届いている場合は「https://t.co/st4oU5QbhP からの連絡かどうかの識別について」をご覧ください→https://t.co/WwVagdSFWm SK

CUSTOMER: @AmazonHelp リプありがとうございます
アドレスがSMSとなっており、アマゾン登録や使ったことがないので架空かなーと思います

AMAZON: @410744 迷惑メール申告窓口を用意している携帯会社をご契約されている場合は、各窓口へご報告されることをおすすめいたします→https://t.co/LUU27HtDeh  SK",Account / Access / Security,
2435672,5,"CUSTOMER: @115851 Request you to personally look in this issue ordered # 405-6870644-6019532. 17 days delay still waiting. Please help @115821

AMAZON: @295979 you've any queries, kindly reply to our E-mail correspondence, we'll look into it and get back to you. (2/2) ^MO

AMAZON: @295979 I understand waiting would be tiresome. However, please be assured that we're working on your concern. In case (1/2) ^MO

CUSTOMER: @AmazonHelp You are not responding to my emails in proper way so have to write it here.

AMAZON: @295979 I get your disappointment. We're following up on this and we'll keep you updated. ^SG",Delivery Issue,
1276166,4,"CUSTOMER: Can’t remember the last time that I was genuinely angry.... and apparently all it takes is one shitty @115821 delivery donny

AMAZON: @418727 Hey, we don't want you to be angry! W/o providing account info, can you tell us what happened? ^LB

CUSTOMER: @AmazonHelp Paid for prime so my delivery arrives today. 
Waited at the door ALL DAY
No delivery. 
Yet somehow a delivery was attempted?
At my house?? 🤔

AMAZON: @418727 Oh no! I'm sorry your order wasn't delivered! Please contact us here: https://t.co/JzP7hlA23B so we can look in to this! ^BN",Delivery Issue,
73518,4,"CUSTOMER: @115830 do you consider a communal area of a block of flats a safe place to leave a delivery? Especially when I am in the flat all day? Lucky my neighbours are not thieves.

AMAZON: @132439 I am sorry to hear this, Alan. Is this the first time this ha happened? If not have you raised this with us directly?^SM

CUSTOMER: @AmazonHelp Unfortunately it is not. How do I raise this directly?

AMAZON: @132439 You can contact us anytime by going here: https://t.co/JzP7hlA23B ^RB",Delivery Issue,
291735,3,"CUSTOMER: @116928 ya me podíais dar vales descuento, con todo lo que os compro jajajajajja https://t.co/m4mVbpDm7m

AMAZON: @185473 Hola, Victor, siempre estamos planeando descuentos y promociones especiales, sugiero visitar nuestro sitio web, nuestras 1/2

AMAZON: @185473 novedades son anunciadas por ese medio anunciadas por ese medio. 2/2 ^AZ",Promotion / Gift Card / Credit,
1106543,2,"CUSTOMER: When you peel open your @115821 box and there's 50+ giant ants eating something... #nasty

AMAZON: @381150 My team would like to escalate this. Please send us your details here: https://t.co/FsfE2dkvnq ^CH",Damaged / Wrong / Missing Item,
660382,4,"AMAZON: @277298 I'm sorry to hear we missed the mark for your delivery Mack.  Without divulging any personal information, can you tell me who the carrier is and when was the order supposed to be delivered to you, you can check here: https://t.co/Y5jpI9gRhE? ^SY

CUSTOMER: @AmazonHelp @3375 was the carrier. It was supposed to be delivered today but apparently it won't be. I talked to an Amazon rep and they couldn't give me any reason for the delay.

AMAZON: @277298 Thank you for the additional information! Have you received a new delivery date? Typically, delayed orders arrive 1-2 days after the missed delivery date. ^ML

CUSTOMER: Hey @115821 stop telling people you ""guarantee"" delivery by a certain date. This is the 4th package in a month that didn't arrive by the GUARANTEED delivery date. You're full of shit.",Delivery Issue,
1382157,2,"CUSTOMER: Put yo pants on coz you're about to receive your first Prime Now order, Steffi! Yay! ☺️👩🏻 #Anticipation

AMAZON: @251258 😎🙌 Enjoy the service. I hope you have a great day. ^CR",Prime Membership,
492254,2,"CUSTOMER: @116928 de nuevo me falla con los paquetes, ya van varias veces este año, ahora por culpa de @132703 Badajoz rompiendo paquetes y como no con mentiras de @135806 y eso que no hemos salido de casa (cosa que otras veces puede pasar).

AMAZON: @232322 Sentimos los inconvenientes con las entregas de tu pedido. ¿Nos podrías indicar si tienes algún pedido pendiente de entrega? ^KA",Delivery Issue,
33195,7,"CUSTOMER: #alexaindia I am not able access skills from US !!! THIS IS A CRIPPLED SERVICE FROM AMAZON @121284

AMAZON: @123343 Apologies for the ordeal, Prince. Could you let us know what are the skills you're referring to? We'd like to check it. ^HD

CUSTOMER: @AmazonHelp Yeelight &amp; ewelink and the option for opting for US English

AMAZON: @123343 and we'll look into this. 2/2 ^KH

AMAZON: @123343 Sorry to learn that you're facing issues with echo. Please get in touch with us here: https://t.co/vlvfJr4nN9 1/2 ^KH

CUSTOMER: @AmazonHelp Yes, I got in touch still the issue is not resolved, they change my profile to US but it automatically changes to the indian server. grrr

AMAZON: @123343 Kindly share your details here: https://t.co/cQVomR1pWz and we'll check with this. ^KH",Product / Device Support,
171047,2,"CUSTOMER: @116316 Hi 😊 will you restock the 500GB playstation 4 at the 199€ price tag? It’s sold out 😕

AMAZON: @155896 At this moment we don't have information about when this product will be available again. Please keep an eye on our website :) ^SK",Other / Unclear,
2366252,4,"CUSTOMER: @115850 Amazon sell all used product so don't purchase any kinds of item from Amazon

AMAZON: @683076 Sorry about the inconvenience. Please connect with our support team here: https://t.co/vlvfJr4nN9 and they'll assist you regarding this. ^NR

CUSTOMER: @AmazonHelp So why you have charged 1st hand products I want to say to all customers don't purchase any item from Amazon

AMAZON: @683076 Certainly not the kind of experience we'd want you to have. I'd like to take a closer look at this. Please share your details here: https://t.co/beaaDm0muc and I’ll contact you soon. ^SM",Payment / Billing,
2452117,4,"CUSTOMER: My current prime membership is expiring on May, 2018. Can I buy membership for one more year now? @115850

AMAZON: @132741 As you're having an active Prime membership, you'll only be able to renew it once it expires or is about to expire. ^SM

CUSTOMER: @AmazonHelp So can't renew now?

AMAZON: @132741 I'm afraid until the membership expires you'll not be able to renew. ^SG",Prime Membership,
584606,2,"CUSTOMER: @257954 last night I placed my order for Meet me at 10. Amazon says it should arrive in the post Friday. I am so excited for this book. 😀📚

AMAZON: @257953 Hey! I am glad to hear that happy reading! ^HS",Order Management,
2161830,2,"CUSTOMER: Amazonから配達が完了しましたって通知きたけどぜんぜん完了してないんだけどw
俺の荷物はどこ行ったw

AMAZON: @634820 ご心配をおかけしております。
メール便の場合、ポスト投函で配達完了となります。ポストをご確認いただいても問題が解決しない場合は、お手数ですがカスタマーサービスまでお問い合わせください。https://t.co/J6YEizo6qC　MH",Damaged / Wrong / Missing Item,
393575,2,"CUSTOMER: @115850 I had ordered a product at 600 in lighting deal but the same product is available at 400 in retail shop but so I want to return

AMAZON: @209219 I understand. However, we don't accept remorse returns. Appreciate your understanding. ^HA",Return / Refund,
527746,2,"CUSTOMER: @115850 WORST ONLINE WEBSITE.ORDERED SOMETHING. DELIVERED SOMETHING ELSE. THIS HAPPENED 4th TIME.ORDER ID 4__credit_card__ #AMAZON CHEATS

AMAZON: @242163 I'm sorry that you received an incorrect product. Kindly fill in your details here: https://t.co/beaaDlIL5C and we'll get back to you with an update. Please don't provide your order details, as we consider it to be personal info. Our Twitter page is public.^AU",Damaged / Wrong / Missing Item,
279196,4,"CUSTOMER: .@115821 @AmazonHelp please help I’ve two 1500 word essays due this week https://t.co/LlQ2EmnjDx

AMAZON: @182579 Hmmm, what are they on? ^BM

CUSTOMER: @AmazonHelp Please help a brother out 🙏🏼

AMAZON: @182579 Ouuf tough. Hmm, well we can't write them..we would like to help in our own way, can you fill this: https://t.co/tkLCr7DNil ^NV",Other / Unclear,
2284884,2,"CUSTOMER: @AmazonHelp why amazon key won’t work in Chicago. Drivers rude, don’t deliver to the right 🚪, won’t shut gate after delivery. Don’t  trust them with access to our yard, much less int bldg. just now, driver threw package at me and said “ur momma”.

AMAZON: @663968 This is definitely not the service we strive to provide, Lynda! I'm so sorry this happened to you. Can you please let us know who the carrier was for your order? If you are unsure, you can check: https://t.co/Y5jpI9gRhE. Please let us know! ^KJ",Delivery Issue,
498492,4,"CUSTOMER: I am getting a little tired of @115821 shipping high $$ items by slapping a label on the retail box. 2 weeks ago it was a $200 headphone today a $180 sound card. but a $12 pet comb, that gets a box and bubble wrap.

AMAZON: @233997 Thank you for that, your feedback is valuable to us.  Please tell us more here: https://t.co/TH7UAFZey5 ^CH

CUSTOMER: @AmazonHelp What makes it even worse is this is a Christmas gift.
How the hell am I supposed to gift something that looks like this. https://t.co/iE9mcE1fjg

AMAZON: @233997 We understand the inconvenience, some items ship without an outer box. See our help page: https://t.co/Orkm1B6v47 ^BD",Damaged / Wrong / Missing Item,
1368957,4,"CUSTOMER: @136314 why can't my Echo Dot find Prime playlists any more? It's very frustrating as playing them is the main thing I use it for.

AMAZON: @438644 I'm sorry for the trouble! Have you gone into settings and check the history to see what was heard? ^GL

CUSTOMER: @AmazonHelp It shows it correctly in settings &amp; includes it in the response, e.g. ""I don't see the playlist Relaxing Classical in your music library""

AMAZON: @438644 That's odd! Let's take a further look into this with you in real-time here: https://t.co/JzP7hlA23B ^ML",Product / Device Support,
1104393,9,"CUSTOMER: @115850 order number 402-2086510-5671522 as per support you confirmed me 15% cashback (rs450) but I have not yet received it. 7 days over https://t.co/j4NCQii05N

AMAZON: @380619 I'm sorry you haven't received the cashback yet. I'd like to look into the issue and resolve it as soon as possible. 1/3 ^SH

AMAZON: @380619 Please don’t provide your details as we consider them to be personal information. Our Twitter page is public. 3/3 ^SH

AMAZON: @380619 Please provide your details here: https://t.co/4cq1MRVbf6 and I'll get back to you. 2/3 ^SH

CUSTOMER: @115850 I left you a DM.. reply ASAP.. I can’t send an email since my account is only link to a mobile number

AMAZON: @380619 Also, fill in your details in the link shared earlier and we'll reach out to you soon. (2/2) ^AS

AMAZON: @380619 We won't be able to access your account over Twitter.  Please add an email to your account. (1/2) ^AS

CUSTOMER: @115850 Update the info in the link provided

AMAZON: @380619 We have received your details, we'll get back to you shortly. ^MD",Promotion / Gift Card / Credit,
132588,2,"CUSTOMER: @AmazonHelp why can’t I order a switch with Mario odyssey???!

AMAZON: @145913 Sorry to hear about this. What happens when you try to order it?^PK",Order Management,
2647210,2,"CUSTOMER: @AmazonHelp I made a prime now order to be delivered 8pm-10pm, no sign as yet and you’ve blocked my number so I can’t call Cust Serv or the driver. Help please!

AMAZON: @746870 I'm sorry your order hasn't arrived! We're unable to view your PrimeNow orders via Twitter. We'd still love to help! Please contact us by phone or e-mail for any information regarding your order here: https://t.co/KI9cbOSo3b ^LR",Delivery Issue,
109966,2,"CUSTOMER: Think twice before give them your credit card and shopping @115821 you'll risk having your account hacked, their customer service, which happens to be in the Philippine is incompetent and unhelpful. You're left waiting &amp; when you get someone they don't understand anything you say

AMAZON: @140408 
I am so sorry for the trouble, Bianca. We are here to help! Have you received an email from our account specialist? ^SC",Account / Access / Security,
2262990,4,"CUSTOMER: @115821 don’t tell me I got guaranteed delivery and then change the date the day I’m supposed to get everything 😤

AMAZON: @229000 I'm sorry to hear about this! Have you received an e-mail regarding any type of delay? ^VB

CUSTOMER: @AmazonHelp Nah the tracking just said its coming tomorrow instead 🤷🏻‍♀️

AMAZON: @229000 Yikes! I'm sorry that happened. Please keep us updated on your package delivery. We're here to help! ^LL",Delivery Issue,
2935170,2,"CUSTOMER: Amazonの勝手にキャンセルされるやつなんなの？？？？まじでキレそう

AMAZON: @811524 失礼いたします。当サイトからのキャンセルについてお知らせメールをお受け取りでないでしょうか。こちらより内容をご確認ください。https://t.co/OhOTwU4mp2 内容にご不明点があれば、お手数ですが、カスタマーサービスにお問い合わせください。https://t.co/p5QuRsM072 RI",Order Management,
1762345,2,"CUSTOMER: Wonder why we pay for @115830 Prime when items are scheduled to be delivered 3 days after we order (Prime Items) &amp; still don't get here!

AMAZON: @230637 Oh no! I'm sorry for the wait! Have we missed a delivery date given in your order confirmation e-mail? ^MH",Delivery Issue,
2467941,4,"CUSTOMER: @116875 requiero ayuda para recuperar mi cuenta, ya que dice que está bloqueada.

AMAZON: @706117 Hola, Gerardo. ¿Nos podrías comentar, si has recibido un correo electrónico con indicaciones para desbloquear tu cuenta de nuestro departamento Especialista en Cuentas? ^AA

CUSTOMER: @AmazonHelp No, me aparece que al iniciar sesión dice que los pedidos están pasados por actividad sospechosa y fue bloqueada la cuenta, y pide subir un estado de cuenta para verificar mi identidad

AMAZON: @706117 Gerardo, ¿puedes revisar tu bandeja de correos no deseados"" para verificar si los especialistas de cuenta te han mandado las instrucciones? ^LC",Account / Access / Security,
175382,2,"CUSTOMER: @AmazonHelp placed an order earlier with you but haven’t received confirmation yet you have taken payment. It’s a digital download so should have been instant....

AMAZON: @157186 I'm sorry for the delay in receiving your product. As we don't have account access through Twitter. Please contact us by phone or chat here: https://t.co/hApLpMlfHN ^RR",Digital Content,
2831592,2,"CUSTOMER: Anyone else have problems with ordering an item from @115821 through Prime &amp; it not come within two days? Almost ev……

AMAZON: @303622 Hi, I am sorry to hear that you have been experiencing delays, without going into personal account information could you tell us more about this please? ^HS",Delivery Issue,
31399,2,"CUSTOMER: @115850 y not ship Amazon pantry to all cities n towns.. v don't mind getting it in 3-4 days.

AMAZON: @122921 I'll be sure to share your comments on this as feedback with the team. ^OS",Delivery Issue,
435671,5,"CUSTOMER: @AmazonHelp  https://t.co/g0ATo9RCaW

AMAZON: @218491 I'm sorry for the ordeal you went through. I'd like to assist you with this, kindly drop in your details 1/2 ^EM

AMAZON: @218491 here: https://t.co/beaaDm0muc and I'll look into it right away. 2/2 ^EM

CUSTOMER: @115850 today we get DELIVEY of dell laptop. But we need out GST number on invoice. But this guys refuse. registered on amazon business

AMAZON: @218491 I understand your concern. Please connect with us here: https://t.co/TK4yevTaND, we'll assist you. ^NR",Payment / Billing,
2835720,8,"CUSTOMER: Amici di @120540 ho finito il tè e sono troppo cybermonday per uscire di casa a pigliarlo. Mi serve entro le 17 a Monza. Pago bene (cioè no, pago il giusto). Con fettina di limone, grazie!

AMAZON: @789308 Possiamo prenderlo insieme! 😉 ^MP https://t.co/xcG0Tlfm9n

CUSTOMER: @AmazonHelp Vengo io o venite voi? Io ho il costume da mattoniglio a lavare però.

AMAZON: @789308 Nessun problema, lo portiamo noi! 😉 Hai già completato l'ordine? 🤔 ^LF

CUSTOMER: @AmazonHelp Lo sapevo che c'era la fregatura. :(

AMAZON: @789308 😣 Non volevamo fregarti ma inviarti una piccola sorpresa, tramite questo link: https://t.co/YqSLjWcfCa. Accetti? 😃 ^AP

CUSTOMER: @AmazonHelp Ho appena concluso due ordini su Amazon. Se mi infilate nella scatola un unicorno siete perdonati.

AMAZON: @789308 vediamo cosa possiamo fare! 😜🦄 Hai cliccato sul link fornito prima? ^AP",Other / Unclear,
1616271,4,"CUSTOMER: Seriously guys!? @115850 @AmazonHelp @123644 @115821 #Amazon https://t.co/RTxTqYOS3T

AMAZON: @495663 Seller fulfilled items are dispatched directly by sellers. These items are indicated by the message ""Sold and fulfilled by a seller. Also, the delivery charges are decided by the sellers. I'll be sure to pass on your feedback. ^AK

CUSTOMER: @AmazonHelp I’m not talking about delivery charges but the MRP rates. Even though seller indicates this doesn’t it mean you validate this stuff?

AMAZON: @495663 Kindly go through the link for more information here: https://t.co/iYcwguAaKb ^AK",Payment / Billing,
708564,2,"CUSTOMER: @AmazonHelp no lie, no mail, no business

AMAZON: @289385 We'd love to help! Without adding personal/account information can you please tell us more about what's going on? ^ME",Other / Unclear,
2281073,2,"CUSTOMER: @AmazonHelp Would Amazon price match a deal on Amazon fresh with a code? As Amazon fresh is not available in my area :/

AMAZON: @116919 Hey there, thanks for asking. Our price matching information can be found here: https://t.co/11x1L1vgRn ^DW",Promotion / Gift Card / Credit,
1986386,2,"CUSTOMER: Dear @119625 #thupparivaalan is playing with telugu titles and tamil voice..!!

AMAZON: @588007 Apologies for this ordeal, Dwipad. Thank you for flagging this. We'll have this checked internally. ^HD",Promotion / Gift Card / Credit,
257712,2,"CUSTOMER: @117795 will I be able watch Thursday night football on prime if I live in Massachusetts

AMAZON: @177303 You sure will! Kick-off begins at 8:25 ET. Watch (or add to Watchlist) here: https://t.co/r6FkgwLNtJ ^MB",Digital Content,
857751,2,"CUSTOMER: @129773 Hi.  I received an email, as a Prime Customer, for £15 off a Fire Stick, yet the promotional code WASN'T on the email? Help!

AMAZON: @323704 I'm sorry for the frustration! When you have time, please reach out to us by phone or chat here: https://t.co/qy3J24VGxb ^AC",Promotion / Gift Card / Credit,
2347811,2,"CUSTOMER: @AmazonHelp how many days are there in two day shipping? Says 2 day, but wont deliver until nov 20th, its nov 13th https://t.co/P33RlqLOCk

AMAZON: @172818 Hi, Ariana! If the item you're ordering is out of stock or unavailable to ship immediately, the shipping method time starts when the item ships. For example, it will take two business days after an item ships to reach you with Two-Day Shipping. Have a great day! ^DA",Delivery Issue,
2556530,4,"CUSTOMER: @115850 @AmazonHelp renewed my PRIME membership on Day1, still haven't received ₹500 as #PayBalance... https://t.co/PraN2uryLK

AMAZON: @146170 That is unusual, Prasanna. My apologies for the issue with the cash back. Please reach out to us via: https://t.co/Xbdj6hyTTm and we will have this checked. ^KS

CUSTOMER: @AmazonHelp Contacted on the support page; a week gone but still no reply from @AmazonHelp ...
Still no Cashback credited

...

AMAZON: @146170 Apologies that we haven't received enough support from our team, please share your details here: https://t.co/beaaDm0muc and we'll look into it for you. ^SU",Promotion / Gift Card / Credit,
27392,2,"CUSTOMER: @120474 Nooooo!!! Why is this happening when I haven't booked any tickets yet?? For Morrissey at Brighton! 😡😡 https://t.co/sDZX5bifT6

AMAZON: @122001 Sorry to see this. Please reach out to us here: https://t.co/WTB5N3xs37 and we will look into this. ^PK",Digital Content,
455460,2,"CUSTOMER: @115821 @115851 Alright. Your delivery guys are beginning to outright lie. And you want us to give them codes to our homes? @128511 @223118 https://t.co/e0KjbniMH0

AMAZON: @223117 I'm sorry to hear about this negative experience! Have you received this package yet? Also, which carrier was assigned to deliver this package? You can find this information under tracking details here: https://t.co/q4LAMYLRN4 ^JS",Delivery Issue,
273622,3,"CUSTOMER: @13889 I own an LG so called smart TV. Totally disappointed that I can't play @115850 prime video as it doesn't support flash

AMAZON: @181369 Could you please let us know more details regarding the model of the TV? (2/2)^AP

AMAZON: @181369 You can watch Prime Video on 2015, 2016 and all latest smart TVs from Samsung, Sony, and LG. (1/2)^AP",Digital Content,
2613295,4,"CUSTOMER: Amazon sends Out for Delivery notifications way too early. 

Meanwhile, the customer (in this case, me): https://t.co/XL2Imnu3B8

AMAZON: @738806 We love keeping our customers posted. On a serious note, if your item is not delivered to you by end of the day. Let us know and we'll take care of it. ^AM https://t.co/9PULM8V1JE

CUSTOMER: @AmazonHelp Got it a few minutes ago. Thank you :)

AMAZON: @738806 Thank you for the confirmation regarding the delivery. Please feel free to get back to us for further concerns. ^BV",Delivery Issue,
2159324,6,"CUSTOMER: @115821 @115850 I ordered one product on November 5, but still it has not been dispatched. Why so much delay in shipping a product?

AMAZON: @366798 Orders are dispatched to meet the estimated delivery date. Did we happen to miss? Do let us know. We'll be glad to help. ^AR

CUSTOMER: @AmazonHelp @115821 @115850 Yes you happened to miss consecutively second time. What happened to your promise. Today is 14th and product is still in transit. Why do you fool customers with delivery dates?

AMAZON: @366798 I apologize for the inconvenience this delay caused. May I know if you reported this to our support team through the link provided earlier? ^EM

CUSTOMER: @AmazonHelp @115821 @115850 Yes reported and contacted via call so many times but everytime false assurances.

AMAZON: @366798 Apologies for the hassle. I'd like to help you with this, kindly drop in your details here: https://t.co/GIJyeYqKE0 and we will look into this. ^AH",Delivery Issue,
671803,6,"CUSTOMER: @115851 @30882 @AmazonHelp. Oh well, surprise still no contact &amp; total waste of time. The ship is certainly sinking &amp; you couldn’t care less about your so called “Delivery Partners” or the families they provide for! 😡👎🏻

AMAZON: @280281 Hi Colin! Did you fill out the form provided by Kim? Did you receive an update via email? Be sure to check your spam folder.^CN

CUSTOMER: @AmazonHelp Yes I did and once again a total waste of time. 2nd standardised email from the company. Absolute shambolic

AMAZON: @280281 What was advised in the email?^CN

CUSTOMER: @AmazonHelp Same rubbish that we always receive:
My name is Tibi, and I am a member of the Amazon Flex Support Team. Jeff received your e-mail and requested that we research this issue and respond on his behalf. I will be sure to update their office on this correspondence. 

😡👎🏻

AMAZON: @280281 Hi Colin, that doesn't sound good please follow this link: https://t.co/tkLCr7DNil and fill out form and we will be in touch. ^HS",Other / Unclear,
1193930,2,"CUSTOMER: Dear @115821 please learn how to ship softcover books in a way that they don't always arrive destroyed.  Amazon.jp does it.  Kaythxbye

AMAZON: @400539 I'm sorry to hear this! Please help us improve by linking this feedback to your specific order: https://t.co/symjp6Dcys^BH",Damaged / Wrong / Missing Item,
2298182,4,"CUSTOMER: @AmazonHelp i had given wrong   information 6 times from your cousmter support and no cashback has been reflected from your side as promise  .That what amazon stand for and thats who making amazon ""apni dukan""  shop with no commitment and no tusrt

AMAZON: @667121 We apologize for that. I'd like to check what went wrong. Could you please share your details here : https://t.co/beaaDm0muc? ^PR

CUSTOMER: @AmazonHelp still there were no respond from your side neither a message neither a call or anything else...that's how amazom keeps the promise

AMAZON: @667121 Apologies for the delay. Could you please confirm if you've shared the details in the link provided above? ^MO",Promotion / Gift Card / Credit,
1300529,2,"CUSTOMER: @120169 
@115850 
My email: __email__
Mobile: +91 7389938255
Please expedite the needful.

AMAZON: @333870 Also, as this is being the social platform, please don't provide order details, as we consider it personal information.^HR",Other / Unclear,
2643640,3,"CUSTOMER: @AmazonHelp what about resolution till today is 31 AND NOW AGAIN EXCUSES

AMAZON: @716386 Sorry for the delay. We can't gain access to your account via Twitter. Please reply to the email you've (1/2) ^KA

AMAZON: @716386 received from our team and we'll get back. (2/2) ^KA",Other / Unclear,
2553941,4,"CUSTOMER: Bjr @AmazonHelp pk  2 articles commandés en même temps (2 commandes différentes) ne sont pas expédiés en même temps, la commande la plus récente est déjà expédiée alors que l’autre est encore en « pas encore expédiée »? Membre prime, j’aimerais recevoir mon colis à temps (demain)

AMAZON: @725321 Bonjour, sSi les articles ne proviennent pas du même centre d'expédition ou non pas la même disponibilité, ils ne peuvent pas être regroupés dans le même colis. ^ASZ

CUSTOMER: @AmazonHelp Je peux avoir une info denquand le colis sera expédié ? Commande 
406-3350171-8489123 . Merci d’avance :)

AMAZON: @725321 N'ayant pas accès à votre compte client depuis Twitter, vous pouvez joindre notre service client afin que l'on puisse effectuer les vérifications nécessaires à ce sujet s'il vous plaît. ^SA",Delivery Issue,
1227997,3,"CUSTOMER: @122951 @118702 thanks you both guys.@115850 you  canceled my orders I have purchased from them. TQ #no_to_amazon #be_Indian_buy_Indian https://t.co/17eRXaVLz6

AMAZON: @408094 Sorry to know about the cancellation of your order. Request you to reply to the (1/2)^SQ

AMAZON: @408094 email from account specialist team and our team will work on it. (2/2)^SQ",Order Management,
182875,2,"CUSTOMER: @10250 Tempted to upgrade from my Oneplus2 to Honor8Pro, Thanks 2 Amazon Sale it's available at 27k. Thoughts between Oneplus5 &amp; 8Pro?

AMAZON: @159024 @10250 We know the feeling @115850 https://t.co/I0DYPTOG6q",Other / Unclear,
813276,2,"CUSTOMER: @116618 Can I get a free trial?

AMAZON: @313798 Hey, check out https://t.co/vvIMqF7Auw &amp; click the “Start your 30-Day free trial” button on the right. Hope this helps! ^PF",Prime Membership,
324339,2,"CUSTOMER: @115850 #apanidukaan #bewakoofbananeki dukaan https://t.co/NFtmFA8PtU

AMAZON: @181609 I'm sorry for the delay, Nitesh. Could you confirm contacting our support team here: https://t.co/T6y6Xlutbs? ^VN",Other / Unclear,
2200766,6,"CUSTOMER: @AmazonHelp Amigos ayer hice un pedido con envío de 1Día y aún no se actualiza donde dice el Transportista

AMAZON: @143739 Hola Arath, ¿cuál es la fecha estimada de entrega que se te brindó en el correo de confirmación del pedido? ^KS

CUSTOMER: @AmazonHelp Adquirí el Envío al siguiente dia ( Hoy Domingo)

AMAZON: @143739 Comprendo. ¿EL producto es vendido directamente por Amazon o por un vendedor tercero? ^DB

CUSTOMER: @AmazonHelp Por Amazon México

AMAZON: @143739 Gracias por la información. Por este medio no tenemos acceso a tu cuenta, para verificar el estado del paquete puedes ponerte en contacto directo con Soporte al Cliente por medio del siguiente enlace: https://t.co/XrMDSgEmbN
^DB",Delivery Issue,
986388,6,"CUSTOMER: Hey @AmazonHelp der Vorbesteller Code für Gran Turismo wo man 500000 Credits und das Europe und American Car Pack bekommt ist immer noch nicht bei mir angekommen. Ist das normal?

AMAZON: @353769 Wann hast du denn bestellt? Und hast du alle Aktionsbedingungen eingehalten? https://t.co/oYQPJj2N4J Liebe Grüße ^MF

CUSTOMER: @AmazonHelp Habe am 14.10 bestellt und alles beachtet

AMAZON: @353769 Okay! Solltest du bis Montag keinen Code erhalten haben, melde dich bei unserem Kundenservice: https://t.co/cDHy5WiCek ^MF

CUSTOMER: @AmazonHelp Okay! Dankeschön!

AMAZON: @353769 Gerne :) ^NW",Promotion / Gift Card / Credit,
230217,2,"CUSTOMER: Amazonプライム会員になりまぢた

AMAZON: @170846 |´-`)ﾁﾗｯ　プライムのご登録、ありがとうございます！色々な特典がございますので、ぜひご活用くださいませ m(_ _)m
プライム特典一覧 : https://t.co/JVlaJGORZx HM",Prime Membership,
2447443,2,"CUSTOMER: ah, yes, exactly what a new comic book looks like. thx @115821 for yet another damaged book. now i get to waste my time returning it. https://t.co/UPStkHMhM0

AMAZON: @141453 I'm so sorry your book arrived damaged! We'd love to help you out with this! Have you had a chance to reach out to us via phone to go over all available options? ^AR",Damaged / Wrong / Missing Item,
2630027,2,"CUSTOMER: @116875 fatal el servicio de entregas de @178440, la entrega se debió haber hecho ayer y tienen el paquete atorado en su centro de distribución desde ayer en la mañana; nadie puede decirme la razón o cuando se va  a hacer la entrega. Cambien de proveedor por favor.

AMAZON: @742715 Hola Arnold. Lamento mucho el retraso de tu paquete. ¿Anteriormente has contactado con el transportista para verificar si hay algún inconveniente o dato faltante en la dirección de entrega?",Delivery Issue,
1791187,9,"CUSTOMER: @115850  @AmazonHelp @132995: No benefits of having a prime account :( when they will reschedule your 1 day delivery to 4 day!! Sad part!! https://t.co/eCusnysdYq

AMAZON: @536642 Please don’t provide your order details as we consider them to be personal info. Our page is visible to public. 2/2 ^AH

AMAZON: @536642 I understand your concern regarding the delivery of your product. We have responded to your query here: https://t.co/Gz8MQygMam, please check and share your details. We will look into it. 1/2 ^AH

CUSTOMER: @115850 @AmazonHelp @132995 I don't know what kind of services amazon is providing to its prime customers!!.
Really disappointed.. What is the point of 1day delivery please clarify..

AMAZON: @536642 This might be a miss, Dhadwal. However, we would like to look into it. Please drop in your details in the link provided earlier here: https://t.co/Gz8MQygMam and we will help you. ^AH

CUSTOMER: @AmazonHelp Already dropped the details still no action taken from your side. 
I don't know why amazon is unable to deliver on deadline.... I have a dependency on this...
Kindly understand this and provide resolution on this...

AMAZON: @536642 I have checked it from our end, we haven't received your details. Request you to please share via the link above and we will get this sorted at the earliest. ^VH

CUSTOMER: @AmazonHelp I don't understand if amazon is unable to provide 1day delivery on weekends then why amazon is claiming the same. It is a Gift for someone who has come from other state.
#AmazonIndia #OnePlus5T #oneplus 
kindly understand the situation. Without even calling amazon is delaying https://t.co/8zhw8htNSz

AMAZON: @536642 I see that we have sent a correspondence to you here: https://t.co/8DAc10S7ww. Kindly check and reply to the email for further assistance. ^RI",Delivery Issue,
2227063,2,"CUSTOMER: What do you do when @115830 Prime says one day delivery but doesn't actually deliver in one day?

AMAZON: @650081 When was the expected delivery date on your confirmation email? What does your tracking currently say:  https://t.co/aaDyEz1VgE ^MI",Delivery Issue,
2849123,4,"CUSTOMER: @116875 no da opción a pagar en caja de tienda de conveniencia con un código, como anuncian ... https://t.co/HurA4mlBje

AMAZON: @792295 Hola Mabel. Disculpa, ¿te refieres a pagar con AmazonCash o algún otro método de pago? ^DB

CUSTOMER: @AmazonHelp Si, amazoncash

AMAZON: @792295 Hola, Mabel. Te recomendamos revisar la información que aparece en este enlace acerca de cómo funciona Amazon Cash: https://t.co/23YfyuCUN8
^CB",Payment / Billing,
180588,2,"CUSTOMER: Thanks @115850 for bringing such an amazing deal InFocus Turbo5plus For 8499 wow can't wait to buy it https://t.co/iG6FROxYty

AMAZON: @158458 We're glad to know that. Please stay tuned for more offers. ^NK",Promotion / Gift Card / Credit,
1575623,2,"CUSTOMER: hi @AmazonHelp i sent you a dm because i received my order but the product was missing

AMAZON: @485516 Thanks for reaching out! We've responded to your dm. ^JN",Damaged / Wrong / Missing Item,
306598,9,"CUSTOMER: @AmazonHelp haven't received my refund. 24hrs pased.! Chek dm. I'm sharing the order details.

AMAZON: @189200 Sorry to know about this delay. Please reach us from here: https://t.co/rS49hgaADF we'll look into this and assist. ^SV

CUSTOMER: @AmazonHelp Already informed the team. But haven't received my refund

AMAZON: @189200 I get your concern. A refund is processed, once the returned product is delivered at our fulfillment center/ seller. (1/2) ^SV

AMAZON: @189200 Please refer here: https://t.co/befhGrMEp3 for more info about our refund timelines. (2/2) ^SV

CUSTOMER: @AmazonHelp How much time it will take?

AMAZON: @189200 The product may take 5-7 days to return to our center, request you to wait till the same. Appreciate your patience. ^SQ

CUSTOMER: @AmazonHelp But Amazon team said that the refund will b provided In 24 hrs. After cancellation of product.

AMAZON: @189200 Could you please confirm the payment method used for the order? ^SQ",Return / Refund,
2009973,4,"CUSTOMER: Wenn @124285 und @122924 zuverlässiger sind als das hausinterne Logistikunternehmen von @116316 , heisst das: #Prime kündigen!! #sauer

AMAZON: @594351 Was ist denn passiert? ^AN

CUSTOMER: @AmazonHelp Und alle gingen übers hausinterne Logistikunternehmen. Meine Tochter ist 4 Wochen alt, da kann ich halt nicht ständig selber losfahren 2/2

AMAZON: @594351 Oje, so sollte das nicht laufen. Melde dich bitte bei uns im Social Media Team: https://t.co/OrmRHrb4p9 Wir leiten das weiter. ^KM",Delivery Issue,
2306302,4,"CUSTOMER: Rly @115821? The #Prime player is buggy af. Watch history is always messed up across devices. You may should ask @22687 kindly for hlp 😆

AMAZON: @669086 Which devices are you using? ^KM

CUSTOMER: @AmazonHelp 1. Windows PC (/wGoogle Chrome)
2. Android Smartphone (/w Android 8.0+)
History sync ignoring like every 5th view. You've to skip manually.

AMAZON: @669086 Okay - please contact our customer service via: https://t.co/ohyvGrpvrY They will have a closer look. ^NW",Digital Content,
2279685,4,"CUSTOMER: @115850 will you give my money back.Or I start legal forgery case for loss.
No body respond for email now and exhausted with calls in your customer care. https://t.co/vOdzHP30ug

AMAZON: @153834 Apologies for the delay. Request you to share your details here : https://t.co/beaaDm0muc so that I'd check what went wrong. ^PR

CUSTOMER: @AmazonHelp This has been shared already.Please use my order no to check in your server.I am not stupid to repeat same story again to each of you . https://t.co/7ybNd9BJ3e

AMAZON: @153834 I'm sorry, we've not yet received your information. Kindly share your details again through the link provided earlier &amp; we'll look into it right away. ^EM",Return / Refund,
2614491,2,"CUSTOMER: Hoje é o dia em que a @117086 me mata de ansiedade 😬

AMAZON: @739087 😐! ^NP https://t.co/SK7rCkSl7J",Other / Unclear,
107270,6,"CUSTOMER: anyone having trouble with #Amazon  transactions not going through and not accepting password even if you done a reset @115830

AMAZON: @139823 I'm sorry to hear about the trouble, Tom! Just to confirm, have you received any e-mails regarding the status of your account? Please be sure to check spam/junk folders. Keep us posted! We want to help! ^SD

CUSTOMER: @AmazonHelp I've had no emails only the confirmation  emails that password has been reset and still doesn't let me log in just says incorrect password

AMAZON: @139823 At your convenience, please reach us directly via the following link. It will enable you to skip sign in so you can report this issue to us: https://t.co/8dJzrYeoGo ^BV

CUSTOMER: @AmazonHelp just received an email staying I have to send in Information of my address an so on  can you explain why this is? I've purchased from you  before with no hassle and now this?

AMAZON: @139823 We don't have access to accounts over Twitter. However, you can reply to the e-mail you received with any questions. ^AJ",Account / Access / Security,
631678,2,"CUSTOMER: @115830 is it common practice for your delivery drivers to leave packages in the wheelie bins of customers?

AMAZON: @269694 I'm sorry to hear this! We'd like to take a closer look at this with you. Please reach out to us via phone or chat here: https://t.co/JzP7hlA23B ^KP",Delivery Issue,
256684,2,"CUSTOMER: Wait why does @115821 offer “One day shipping” if it doesn’t actually come in 1 day and instead comes in 2 days. 🤔

AMAZON: @177042 Have we missed the scheduled delivery date with your order? What is the current tracking show: https://t.co/Y5jpI9gRhE? ^WM",Delivery Issue,
1054054,4,"CUSTOMER: @AmazonHelp  is this really acceptable to leave my parcel on the doorstep all day? https://t.co/cPXzP4Pyha

AMAZON: @369044 I'm sorry your order was left unattended. Have you had a chance to set a safe place in case you're out: https://t.co/JggY0B1qfs ^RA

CUSTOMER: @AmazonHelp No safe place is set, usually parcels go to our neighbours houses

AMAZON: @369044 I recommend setting up a safe place so we can avoid these types of deliveries moving forward. ^EZ",Delivery Issue,
1579071,2,"CUSTOMER: @115830 question: if a one day delivery is ‘arriving today’ but ‘dispatching now’ does that mean it’ll arrive today or tomorrow?? 🤔

AMAZON: @486259 Orders can dispatch and arrive on the same day. If you don't receive it by 9pm this evening, please let us know! ^SB",Delivery Issue,
1171359,4,"CUSTOMER: @AmazonHelp what are you guys doing? Second day in a row for horrible deliveries. Where did the amazon that I loved go? https://t.co/GIqRvhBIxk

AMAZON: @375959 Hi Joshua, I'm so sorry to see this. Can you let us know who the carrier was? You can check here: https://t.co/Y5jpI9gRhE ^CM

CUSTOMER: @AmazonHelp Carrier was AMZL US

AMAZON: @375959 I am so sorry about this delivery issue, Joshua. Please give us some information here: https://t.co/BX1JBGQQxF ^BE",Delivery Issue,
662712,2,"CUSTOMER: @AmazonHelp I DESERVE A REFUND. HIRE MORE PPL OR CHANGE YOUR SHIPPING TIME. I'M TELLING EVERYONE AS YOU CAN SEE NOT TO ORDER FROM YOU AMAZON

AMAZON: @144104 We understand your frustration! This isn't the expectation we've set. Can you please provide us with the carrier? Found here: https://t.co/q4LAMZ3tbE ^AC",Return / Refund,
2291777,2,"CUSTOMER: @115850 @115821 is the most pathetic e-commerce website with the most pathetic after sales services and customer service I have ever seen. I am expecting my money to be returned since Sept 17 and despite sending n number of emails I have been given the same response every time.

AMAZON: @146160 I'm sorry about the delay with your refund. Kindly share your details here: https://t.co/GIJyeYqKE0 and I'll look into this. ^SG",Return / Refund,
147371,2,"CUSTOMER: So, it’s Black Friday. Hey Amazon. Where’s my stuff?

AMAZON: @149483 Is your order late? What was the original delivery date we gave?^SM",Delivery Issue,
200031,2,"CUSTOMER: Need help with my amazon fire stick.

AMAZON: @163190 We'd love to help! Do you mind telling us what's going on? ^NM",Product / Device Support,
