root_tweet_id,thread_size,conversation,pseudo_intent,human_label,correct,predicted_intent
1085150,2,"CUSTOMER: Can a non-profit list itself as its own beneficiary on @115821 smile? #nonprofit @AmazonHelp

AMAZON: @375966 Thanks for reaching out! When you have the time, please contact our AmazonSmile Support team here: https://t.co/8J2Xg4zvTd ^KN",Other / Unclear,Other / Unclear,True,Product / Device Support
2602974,4,"CUSTOMER: @115830 You have locked me out of my account for 5hrs for placing an order. I verified my credit card, used email security code and yet you still locked my account. What shocking service, truly incompetent and pathetic. Totally unacceptable to treat yours customers like this.

AMAZON: @736626 I'm so sorry about this! Have you received any communication from our Account Specialist regarding this issue? ^JY

CUSTOMER: @AmazonHelp No. Nothing. I can't log on to my account to contact customer services either. Really disappointed in you guys. Will be writing a complaint once I get my account back. So frustrating!

AMAZON: @736626 I certainly understand your frustration! Our Account Specialist typically communicate by email. Just to confirm, have you checked your emails? Please be sure to also check your junk and spam folders. ^HC",Payment / Billing,Payment / Billing,True,Account / Access / Security
2192452,10,"CUSTOMER: @AmazonHelp Confirmado. Enviado pela Amazon.

AMAZON: @641718 Quando você receba o seu pedido por favor nos deixe saber Gabriel. Agradecemos desde já a sua paciência e cooperação. Um abraço e uma boa noite para você! ^JJ

CUSTOMER: @AmazonHelp Vou aguardar então, obrigado pessoal. 😌

AMAZON: @641718 Imagina Gabriel, estamos para lhe ajudar. ^AZ

CUSTOMER: @117086  oi gente, preciso de 1 ajudinha com uma coisa que comprei com vocês :}

AMAZON: @641718 Olá, Gabriel. Sem compartilhar informações pessoais ou da sua conta, me diga, como posso ajudar você hoje? ^CR

CUSTOMER: @AmazonHelp Eu comprei um livro dia 30/10 e a previsão era 6/11. Mas no site está “endereço não encontrado”.  Eles vão tentar mais uma vez, ou eu preciso fazer algo?

AMAZON: @641718 Entendi. Lamento pelo inconveniente. A transportadora tem até 3 tentativas de entrega antes de devolver o pacote para a Amazon. Me diga, o pacote foi enviado pela Amazon ou por um vendedor externo? ^CR

CUSTOMER: @AmazonHelp Claro, sem problemas. Vou aguardar então. Então, não tenho certeza. Como consigo ver isso? Mas acho que pela Amazon.

AMAZON: @641718 Isso. No email de confirmação do seu pedido você pode conferir essa informação Gabriel.^JJ",Account / Access / Security,Account / Access / Security,True,Other / Unclear
2586296,2,"CUSTOMER: Can someone tell me how @115828  prime shipping is getting me Ultra Moon on Tuesday :/

AMAZON: @197686 Hi there! Has the delivery date changed from your confirmation e-mail? Prime shipping refers to transit time, in business days, once the order has shipped. More here: https://t.co/DZClPqA80l ^KL",Delivery Issue,Delivery Issue,True,Prime Membership
613997,2,"CUSTOMER: Amazonの prime now届いたー！
多12時58分に頼んで13時31分出荷、15時13分に受け取りました。ありがたい！わたしは市内住みでは無いのでセンターから10㌔以上離れていますがこの迅速さ。配達の方も礼儀正しくて好印象でした。また急ぎたい時におねがいします。 https://t.co/HBs0H21xwU

AMAZON: @203475 Prime Nowをご利用いただき、ありがとうございました！またお役に立てれば嬉しいです( *´艸｀) EK",Delivery Issue,Other / Unclear,False,Prime Membership
2401321,6,"CUSTOMER: @AmazonHelp I bought 499 rs amazon gv from zeta app if I bought membership through this gv will I get 250 cb ?

AMAZON: @690906 Yes, you definitely would get Rs.250 cashback within 45 days of your first video streaming, into your Amazon account. ^VM

CUSTOMER: @AmazonHelp I bought membership in 2 Oct 2017 my order no 408-8671617-3711546 after 45 days no CB yet !

AMAZON: @690906 Are you referring to any cash back, Suraj? If yes, please contact our support team here: https://t.co/vlvfJr4nN9 so that we can check. Please don't provide your order details, as we consider it to be personal information. Our Twitter page is public.​ ^NK

CUSTOMER: @AmazonHelp What the hell is going on ! After 60 days no 250 CB by amazon  
Amazon giving false promise to their customers I already complaint this issue in consumer forum.

AMAZON: @690906 That's odd! Let us take a closer look at this. Please provide your details here: https://t.co/beaaDm0muc &amp; we'll get this sorted for you. ^SF",Account / Access / Security,Account / Access / Security,True,Order Management
2317390,2,"CUSTOMER: .@115821 @115850 request you to not use @120169 couriers for deliveries - it's been five days since dox submitted, but shipment not cleared from customs as yet. #Aramex is the most inefficient courier company.

AMAZON: @671878 Apologies for the trouble. I've passed on your feedback to the relevant team internally to ensure such instances aren't repeated in the future. Also, kindly have this reported to our support team here: https://t.co/vlvfJr4nN9 we'll have this checked right away. ^EM",Other / Unclear,Delivery Issue,False,Damaged / Wrong / Missing Item
1163729,4,"CUSTOMER: The wrong package again @115821

AMAZON: @302791 I'm sorry you received the wrong package! Pls reach out to us here: https://t.co/hApLpMlfHN so we can look into this. ^KH

CUSTOMER: @AmazonHelp Iv done this it's the 3rd time it won't let me return again this is ridiculous

AMAZON: @302791 We're here to help! Have you had the chance to speak with us via phone/chat to address this? Please, let us know! ^JE",Return / Refund,Return / Refund,True,Damaged / Wrong / Missing Item
727833,2,"CUSTOMER: amazonがサボテンミュージアムをおすすめしてくるんだけど、アタシamazonで買いましたよね？

AMAZON: @294366 既にご購入済みの商品をおすすめしているとのこと、失礼しております。おすすめ商品のご案内について、精度をあげるよう努めてまいります。なお、「おすすめ商品を絞り込む」機能もご活用いただければと存じます。https://t.co/XN553AUa9E RI",Other / Unclear,Other / Unclear,True,Prime Membership
1780183,8,"CUSTOMER: My efforts to get ahead for Xmas are thwarted by @115830 #courierfail #customerservicefail

AMAZON: @534847 This isn't what we want to hear! So we can look into this with you, please click here: https://t.co/JzP7hlA23B ^JA

CUSTOMER: @AmazonHelp Tried that. A waste of time. Apparently the courier is more reliable than the customer who was out at the “delivery” time.

AMAZON: @534847 What information or options were presented when you contacted us? We would like to help. ^ST

CUSTOMER: @AmazonHelp It may have been delivered but as it’s a block of flats I don’t know to whom and the web site is saying the courier handed them to me.

AMAZON: @534847 I'd recommend these steps: https://t.co/BD96XaoFpr If still missing in 36 hours, contact us: https://t.co/qy3J24VGxb ^AF

CUSTOMER: @AmazonHelp Maybe your customer service should have said that rather than telling me it’s been delivered when it clearly hasn’t !!!

AMAZON: @534847 I'm sorry to hear of this experience. Feedback left in the e-mail sent post call/chat goes directly to the rep's leadership. ^JE",Delivery Issue,Delivery Issue,True,Damaged / Wrong / Missing Item
2216623,2,"CUSTOMER: @AmazonHelp I presume this is spam? Worrying that it has my full address on?! https://t.co/RDnwH8cDtm

AMAZON: @447696 Hey, it doesn't look like us but contact us here: https://t.co/hApLpMlfHN and we'll check it out further ^AS",Other / Unclear,Other / Unclear,True,Damaged / Wrong / Missing Item
2170858,2,"CUSTOMER: @AmazonHelp are you guys gonna time travel to yesterday to deliver my package on time? I haven’t had any update on what’s going on here https://t.co/SSofcRwmDa

AMAZON: @210319 I'm sorry about the delay! Please reach out to us via phone/chat here: https://t.co/hApLpMlfHN and we can help. ^TK",Other / Unclear,Other / Unclear,True,Delivery Issue
132376,2,"CUSTOMER: Amazon prime will be the death of my bank account

AMAZON: @145864 Hey Leo! Don't worry about it, at least you're gonna have some. Awesome stuff! 👊 ^JC",Delivery Issue,Other / Unclear,False,Payment / Billing
2278366,2,"CUSTOMER: Thanks for leaving my parcel out in the heavy rain, @AmazonHelp @115830 nothing like a soggy birthday book... https://t.co/aBewQA2NBm

AMAZON: @662462 Oh no! This isn't the level of service that we expect our customers to receive. We want to make this right! Please contact us via phone or chat at the following link so we can discuss available options with you: https://t.co/JzP7hlA23B ^MW",Digital Content,Digital Content,True,Damaged / Wrong / Missing Item
2748287,2,"CUSTOMER: @115830 extremely peeved! Pre-ordered the signed DanTDM tour dvd on 31/08. My boys expected it today but no - 2 very sad boys tonight 😡

AMAZON: @769528 Anna, I'm sorry to hear your boys are heartbroken. This what definitely not our intent. Did you receive updated shipping information via email regarding an expected delivery date? You can confirm here: https://t.co/aaDyEz1VgE ^SY",Damaged / Wrong / Missing Item,Damaged / Wrong / Missing Item,True,Delivery Issue
2211821,2,"CUSTOMER: @115830 On Drive, is there a way to find the things you're classing as files, not photos. Can't work out why I'm over quota.

AMAZON: @167148 We can certainly look into that for you! Reach out to us directly via the following link: https://t.co/JzP7hlA23B ^KI",Other / Unclear,Other / Unclear,True,Account / Access / Security
2500688,2,"CUSTOMER: @115821 pretty sure it's illegal to charge me for a prime membership without my consent so thanks for that little episode today 🙂

AMAZON: @713394 I'm sorry for any inconvenience this may have caused, Alexis! Just to clarify, were you able to cancel the membership and request a refund? https://t.co/hmUsKHkYBh. ^AL",Delivery Issue,Payment / Billing,False,Prime Membership
231456,4,"CUSTOMER: @AmazonHelp Haven't received any

AMAZON: @171125 I'm sorry about that, write to us here: https://t.co/GIJyeYqKE0 &amp; we'll be glad to help you with available options. ^MJ

CUSTOMER: @115850 - have written one mail. Request you to respond, as its urgent https://t.co/ZWu0SOIk3y

AMAZON: @171125 You would receive a reply soon. However, for immediate assistance please connect with our chat or phone support team. ^KA",Other / Unclear,Other / Unclear,True,Order Management
96839,6,"CUSTOMER: @115821 @AmazonHelp How do i get in contact with Amazon Logistics? The App is not working. No dropdown menu. No options. It signs in to a frozen screen. Uninstalled Reinstalled. Deleted Data &amp; cache. Nothing is working. #AmazonFlex

AMAZON: @137137 Sorry to hear that, Mayra. Are you able to access the app from an alternative device?^TI

CUSTOMER: @AmazonHelp Other than my work computer and my personal cell phone, no, I am not.

AMAZON: @137137 Please contact us here so we can explore options together, Mayra:  https://t.co/hApLpMlfHN ^SA

CUSTOMER: @AmazonHelp I've already contacted amazonflex-support. 22 &amp; counting emails to be exact. No one has been able to give me any resolution. Can i go to the Springfield, VA warehouse for help?

AMAZON: @137137 I'm very sorry for the inconvenience. Please take a moment to provide the details of your issue here, https://t.co/tbCFtSxDjB  We will reach out to you for a resolution. ^SP",Account / Access / Security,Account / Access / Security,True,Product / Device Support
1376064,2,"CUSTOMER: I actually cancelled @115821 prime tonight. Amazon logistics and @amazonhelp are why. Never thought it was possible. Wow.

AMAZON: @440334 I'm sorry you had a poor experience. Without giving any account/personal info, what issues were you having? ^SJ",Delivery Issue,Other / Unclear,False,Delivery Issue
982344,11,"CUSTOMER: @115850 I am not getting this number, why? https://t.co/hsYSon6Pap

AMAZON: @352915 Sorry about that. Kindly get in touch with us here: https://t.co/xmpG2ysTnu and we’ll be glad to help you. ^NS

CUSTOMER: @AmazonHelp At least understand the issue you idiot, copycat. Its your mistake, not mine... what are you going to help, moron

AMAZON: @352915 I get your concern. Please allow our team to check this for you. Kindly connect with them using the previous link. ^VN

CUSTOMER: @AmazonHelp for what you idiot, then what is your job??? just check the image again and use your brain, stupid

AMAZON: @352915 We'll not be able to access your account over twitter, Jinsen. Please connect with us and we'll get it checked. ^HD

CUSTOMER: @AmazonHelp Get lost idiot... All are fools

AMAZON: @352915 I understand you are upset. Please contact us via the link provided to you, we would certainly help you. ^MD

CUSTOMER: @AmazonHelp You idiot, good for nothing. This has nothing to do with me or my account. Check the agents number in the image. You fool it is not 1/2

AMAZON: @352915 I do get your concern regarding the delivery agents number, we'd like to get this checked. Hence as informed earlier 1/2 ^EM

AMAZON: @352915 kindly reach out to our support team in the link provided, we'll look into it and help you further. 2/2 ^EM",Delivery Issue,Delivery Issue,True,Account / Access / Security
249944,3,"CUSTOMER: @118919  folks looks like u famed delivery model is showing sign of cracking... last 4 order returned back ... that too for noida !!

AMAZON: @175394 Sorry about the bad experience. I'll be sure to pass along your feedback internally. 1/2^MS

AMAZON: @175394 You must've received an email with reason for the return, please check that and revert for updates. 2/2^MS",Delivery Issue,Delivery Issue,True,Return / Refund
493509,2,"CUSTOMER: @119356 My Order with Tracking ID 216278212094 has been ""delivered"" as per Amazon.in but I'm clueless about the whereabouts of the parcel. Help ?

AMAZON: @232646 I'm sorry about the conflicting scan codes. Kindly report this to our support team here: https://t.co/vlvfJr4nN9 and we'll assist you accordingly. ^GD",Delivery Issue,Delivery Issue,True,Order Management
2298721,4,"CUSTOMER: @119625  why aren't @15710 episodes after s06e10 not available? When will they be uploaded?

AMAZON: @667259 We will continue to add new content. Keep checking https://t.co/FYM9PIZOR8 where we highlight the latest movies and TV shows we have available. ^RB

CUSTOMER: @AmazonHelp But I took the membership primarily to watch @15710 . Request you to please the more episodes soon.

AMAZON: @667259 We have not made any announcements yet, Shubham. Please stay tuned for updates on this. ^KS",Delivery Issue,Delivery Issue,True,Digital Content
876264,2,"CUSTOMER: @115821 Needs to stop messing around and deliver my bed before I get home. Don't make me give your driver the stalk the mailman treatment.

AMAZON: @328037 I'm sorry for the trouble! Can you please confirm who the carrier is: https://t.co/Y5jpI9gRhE? ^ST",Other / Unclear,Other / Unclear,True,Delivery Issue
2889188,4,"CUSTOMER: Email von @116316:

- Bestellung gestrichen -

""Der folgende Titel ist leider nicht lieferbar: ..."" 

und was hier steht: ""Auf Lager"" https://t.co/C2bwUWxGYw

AMAZON: @801074 Hi, leider kann ich über Twitter nicht in dein Amazon Kundenkonto einsehen, deshalb kann ich auch nicht sagen, warum deine Bestellung storniert wurde. Melde dich doch bitte bei meinen Kollegen vom Kundenservice. Erreichen kannst du sie hier: https://t.co/ohyvGrpvrY ^AM

CUSTOMER: @AmazonHelp Danke erstmal für die Antwort bzw. Schnelle Hilfe, aber leider muss ich ab einer bestimmten Stelle: ""Artikel auswählen"". Das Problem ist in meinen Bestellungen ist es nicht mehr drinne.. :/

AMAZON: @801074 Du kannst auch auf ""Wählen Sie eine andere Bestellung"" klicken. Darunter gibt es dann eine blau hinterlegte Option ""Ich finde meine Bestellung nicht"". Du kannst danach in die Eingabezeile die Bestellnummer einfügen. :) ^SK",Account / Access / Security,Account / Access / Security,True,Other / Unclear
2133381,6,"CUSTOMER: @115821 What's the point in ordering games for release-day delivery nearly 2 months in advance when you can't honour that preorder? Useless

AMAZON: @627712 Hi, sorry to hear that. Have you received any emails in relation to the pre order? ^JJ

CUSTOMER: @AmazonHelp Nope, pre-ordered 6 weeks ago, and nothing. Chatted to help, and it's out of stock apparently. Pre-ordering from Amazon seems useless.

AMAZON: @627712 Is the order still pending now, or has it been canceled? ^NV

CUSTOMER: @AmazonHelp I cancelled it as I'm getting it from someone else who can actually follow up on their guarantees

AMAZON: @627712 So sorry to hear about this Matt. ^KM",Delivery Issue,Delivery Issue,True,Order Management
1135095,10,"CUSTOMER: @120533 ou est le colis? Boite aux lettre vide! Et je vais passer par vos 18 services comme la dernière fois pour que vous le trouviez. https://t.co/w01VEBNJsH

AMAZON: @387416 Bonjour, je vous invite à prendre contact auprès de notre SAV via: https://t.co/hgIrz98cdI afin qu'il fasse le nécessaire.^FT

CUSTOMER: @AmazonHelp c'est la seconde fois en 1 mois. Et je dois encore visiter plusieurs services. L'incompétence vous gagne. (2/2)

AMAZON: @387416 N'ayant pas une visibilité sur votre compte via Twitter, notre SAV est le mieux placé pour vous aider.^FT

CUSTOMER: @AmazonHelp Je sais, merci. 
Je paye un service que vous n'assurez pas, alors j'exprime mon mécontentement. les gens ont le droit de savoir que (1/1)

CUSTOMER: @AmazonHelp Payer son prime n'apporte rien. Les colis sont souvent en retard sur la date donnée, et parfois non livré. (2/2)

AMAZON: @387416 Vos avis et commentaires nous sont importants pour améliorer en continu la qualité des services. Merci de votre compréhension.^MH

CUSTOMER: @AmazonHelp Ma foi, si ça vous fais plaisir... Moi je reste mécontent. Vous irez expliquer à ma nièce pourquoi demain elle n'aura pas de cadeau d'annif.

AMAZON: @387416 Je comprends votre mécontentement et j'en suis navrée. Merci de vous rapprocher de notre SAV pour une solution. ^MA

AMAZON: @387416 Le nécessaire a été fait pour vous faire parvenir le colis dans les délais, cet incident ne dépend aucunement de notre volonté.^MH",Delivery Issue,Delivery Issue,True,Payment / Billing
907034,2,"CUSTOMER: @115817 @115821 looks like my package got ran over or something. Thankfully the ceramic dog bowls inside were fine https://t.co/MysrIzjK68

AMAZON: @303212 I'm sorry to see this! Please help us improve by linking this feedback to your specific order here: https://t.co/LJQBHI6Egm ^BH",Order Management,Order Management,True,Damaged / Wrong / Missing Item
2485529,2,"CUSTOMER: @115830 I ordered something that hasn't arrived. Seller said they'd resend still nothing and they are not responding to my messages through the site..  what can I do??

AMAZON: @709996 I'm so sorry to hear you're having an issue with your order! If the seller is not responding, you can file an A-to-Z Guarantee Claim here: https://t.co/XlpWjiLrx4 Please let us know if you need further assistance. ^RO",Delivery Issue,Delivery Issue,True,Order Management
